request_id,candidate_id,request_type,request_status,candidate_error,candidate_ms,upstream_headers_ms,upstream_status,log_reference
657019dc-2791-4b80-99e9-a0a92d24efe6,74caf119-f4cf-4fd1-8ced-584d427146f3,usage unavailable,,local_stream_candidate_watchdog_timeout,30002,,,
4bc97cc3-5048-4ea2-9ba4-198c634fe33a,e393967d-8743-46ff-a911-ebdec6f614af,usage unavailable,,local_stream_candidate_watchdog_timeout,30002,,,
47d135ea-476c-4fc6-964d-ef4da20a7ef0,054fed2c-b6ac-450b-ae72-99b8728961b4,usage unavailable,,local_stream_candidate_watchdog_timeout,30001,,,
88123ccc-4d01-4007-a7ac-99db90cbb399,e5c5653a-3eb5-452a-88c8-4e57e0c2bb53,usage unavailable,,local_stream_candidate_watchdog_timeout,30001,,,
4ce63758-5b57-45c9-bfee-297d9438bf86,c35be644-6688-41a7-a56b-8b9b8e003083,usage unavailable,,local_stream_candidate_watchdog_timeout,30002,,,
2ce7165c-3fb6-4e39-b584-f3ba1ad98a49,028e38e0-7b34-4c71-b8c4-6c1aa4146ce0,usage unavailable,,local_stream_candidate_watchdog_timeout,30001,,,
2ce7165c-3fb6-4e39-b584-f3ba1ad98a49,2199888e-7cc3-4217-9731-d5408cd2a7b5,usage unavailable,,local_stream_candidate_watchdog_timeout,30002,,,
2ce7165c-3fb6-4e39-b584-f3ba1ad98a49,37691c44-c668-4ddd-b841-b1fe759f01d0,usage unavailable,,local_stream_candidate_watchdog_timeout,30001,,,
c6711e87-1998-45c8-ab7c-e55ae627f8a7,ebff1182-8846-44aa-9f22-93446ad98b00,usage unavailable,,local_stream_candidate_watchdog_timeout,30001,,,
5ba4833a-071d-4be7-901a-abc4ab321404,bc3e402d-3ca3-4cf5-8026-180a07efacb3,usage unavailable,,local_stream_candidate_watchdog_timeout,30002,,,
5ba4833a-071d-4be7-901a-abc4ab321404,dd356c51-5cb8-4f48-a534-22bc80ffce97,usage unavailable,,local_stream_candidate_watchdog_timeout,30001,,,
636706e9-7ebd-4513-9f8e-833a05896ef3,b81522c7-8398-4fea-b530-8eb564d4c917,usage unavailable,,local_stream_candidate_watchdog_timeout,30001,,,
98ea3662-059a-4576-903b-0d9f79a09e61,f4f9c40e-59a6-4c57-b4fe-97a47580f67c,usage unavailable,,local_stream_candidate_watchdog_timeout,30002,,,
98ea3662-059a-4576-903b-0d9f79a09e61,640721c1-3472-419e-ad64-47e9f59bb940,usage unavailable,,local_stream_candidate_watchdog_timeout,30001,,,
98ea3662-059a-4576-903b-0d9f79a09e61,0eaf1f8b-43d1-45b4-9f30-2a84c0a9bb96,usage unavailable,,local_stream_candidate_watchdog_timeout,30002,,,
bfeb019b-1b25-4612-9cd7-e36cdc47caa0,19722a8e-ee35-4297-acd6-24e3fcfa46d9,usage unavailable,,local_stream_candidate_watchdog_timeout,30002,,,
bfeb019b-1b25-4612-9cd7-e36cdc47caa0,7c6663ab-8e0f-4e79-9e11-891a65aa11ee,usage unavailable,,local_stream_candidate_watchdog_timeout,30000,,,
77a1a1e2-5834-47a8-a08e-2dd9f9471336,95afe597-e17e-4810-b2b8-cd4199b826e8,usage unavailable,,local_stream_candidate_watchdog_timeout,30001,,,
77a1a1e2-5834-47a8-a08e-2dd9f9471336,a44d809a-741c-49da-972f-53f8ca4fb2ea,usage unavailable,,local_stream_candidate_watchdog_timeout,30001,,,
e72c45f4-f30a-434e-8229-c40295bb9b50,fae4d4e6-2cae-4480-932a-159be4e82e45,usage unavailable,,local_stream_candidate_watchdog_timeout,30001,,,
e72c45f4-f30a-434e-8229-c40295bb9b50,4281b941-5204-4f6f-95c6-86047711b4ea,usage unavailable,,local_stream_candidate_watchdog_timeout,30002,,,
e72c45f4-f30a-434e-8229-c40295bb9b50,30b907e6-1bdb-4ae6-92d5-9e95503b0bdb,usage unavailable,,local_stream_candidate_watchdog_timeout,30003,,,
29462ed3-dbbe-4658-8bac-fbae374a685c,9ad474ae-78f7-4e56-8ada-94c766a1ef68,usage unavailable,,local_stream_candidate_watchdog_timeout,30004,,,
29462ed3-dbbe-4658-8bac-fbae374a685c,fbd2909e-a9c8-457f-a5b6-728ed57c8976,usage unavailable,,local_stream_candidate_watchdog_timeout,30003,,,
29462ed3-dbbe-4658-8bac-fbae374a685c,e811b9e6-9340-41ce-b5b0-80b1b46e6df6,usage unavailable,,local_stream_candidate_watchdog_timeout,30003,,,
92580935-a887-4610-992c-cbb1be9ee564,6e27487b-1aa8-47df-b271-d6782da26a0d,usage unavailable,,local_stream_candidate_watchdog_timeout,30001,,,
92580935-a887-4610-992c-cbb1be9ee564,0c22de24-ac85-4353-9fe8-a40c5cb5e36e,usage unavailable,,local_stream_candidate_watchdog_timeout,30002,,,
0454481b-6e76-44af-8bdd-125011af8a82,6a5d6122-afd8-4fae-83ef-a1318049ed11,usage unavailable,,local_stream_candidate_watchdog_timeout,30002,,,
0454481b-6e76-44af-8bdd-125011af8a82,2d400082-516b-4ad7-97ca-25409bc78b6b,usage unavailable,,local_stream_candidate_watchdog_timeout,30002,,,
afa9d948-d27a-4bd4-97e3-4fd587049f57,0fe48bf4-fea0-4640-bc8a-6bdbf766fde3,usage unavailable,,local_stream_candidate_watchdog_timeout,30001,,,
afa9d948-d27a-4bd4-97e3-4fd587049f57,aea9245e-9b0a-4ba7-b285-f51824243114,usage unavailable,,local_stream_candidate_watchdog_timeout,30002,,,
afa9d948-d27a-4bd4-97e3-4fd587049f57,be4b85e4-e59d-4bdf-83a9-2ab41b0ce6bb,usage unavailable,,local_stream_candidate_watchdog_timeout,30001,,,
317d4545-10e7-445b-adc1-c953dc08e433,42c4ce33-ed53-4b6c-8ed9-b8564d74622d,usage unavailable,,local_stream_candidate_watchdog_timeout,30004,,,
26bd9e71-9445-4928-bb6d-5dfb1e079852,d74cd7ff-384b-42d4-8be1-b80a74e67d31,usage unavailable,,local_stream_candidate_watchdog_timeout,30002,,,
26bd9e71-9445-4928-bb6d-5dfb1e079852,5d550a95-f30b-4da4-9df6-ad4f974b8383,usage unavailable,,local_stream_candidate_watchdog_timeout,30002,,,
0dc394be-75cc-43c1-8e9b-89242acf9e7c,38a04dad-9cad-4105-8b85-be5f9465ec13,usage unavailable,,local_stream_candidate_watchdog_timeout,30002,,,
0dc394be-75cc-43c1-8e9b-89242acf9e7c,017ac133-322e-494a-8200-002f26367558,usage unavailable,,local_stream_candidate_watchdog_timeout,30001,,,
0dc394be-75cc-43c1-8e9b-89242acf9e7c,5c44e3a4-5e13-4a9f-a0a0-f0d5bbefe215,usage unavailable,,local_stream_candidate_watchdog_timeout,30001,,,
fc7c2b7d-adb2-42aa-9402-e3ea30e691a9,643e1f9b-5ce8-4a65-a6d7-72ad218ffd95,usage unavailable,,local_stream_candidate_watchdog_timeout,30002,,,
fc7c2b7d-adb2-42aa-9402-e3ea30e691a9,47f5fc0c-b26c-4d41-a8b6-de00aa6580cb,usage unavailable,,local_stream_candidate_watchdog_timeout,30003,,,
fc7c2b7d-adb2-42aa-9402-e3ea30e691a9,e42e4cdf-1f80-4741-b37e-ad5f5c251fd5,usage unavailable,,local_stream_candidate_watchdog_timeout,30003,,,
1b437cb0-b434-40b8-919f-6c53feba1613,b5755aa7-ade5-48c5-bd08-0eb790479825,usage unavailable,,local_stream_candidate_watchdog_timeout,30002,,,
1b437cb0-b434-40b8-919f-6c53feba1613,2b4b51cb-1756-48ea-932c-5cfb409c855e,usage unavailable,,local_stream_candidate_watchdog_timeout,30001,,,
6523c081-e397-4194-88d7-ca4db66cd23e,689e0cd4-b559-4cb6-8f26-13cdaaba7a7b,usage unavailable,,local_stream_candidate_watchdog_timeout,30003,,,
bb9fcc69-d5d9-4458-980a-7041c9789cfe,e8970996-b794-4464-aa03-cd301ddea8d2,usage unavailable,,local_stream_candidate_watchdog_timeout,30001,,,
bb9fcc69-d5d9-4458-980a-7041c9789cfe,ef198101-60b1-4c15-bfae-70e856e9f0b9,usage unavailable,,local_stream_candidate_watchdog_timeout,30001,,,
e10bd578-677a-4a31-83ff-36dc155f5847,6f06b1d8-a93d-4c7b-9d11-4950db17e5d1,usage unavailable,,local_stream_candidate_watchdog_timeout,30002,,,
e10bd578-677a-4a31-83ff-36dc155f5847,e7f1291b-1780-493b-94e6-db08819dff2d,usage unavailable,,local_stream_candidate_watchdog_timeout,30001,29274,200,aether-gateway.2026-09-10.log:2647
1c3751cb-5157-46a4-ace3-2da1e3f26e59,b1055cd4-e11a-4866-a39e-3bbf0a2c3e95,usage unavailable,,local_stream_candidate_watchdog_timeout,30001,,,
1c3751cb-5157-46a4-ace3-2da1e3f26e59,df4dbd1a-ab98-4ee3-89ce-dee1d6dc916e,usage unavailable,,local_stream_candidate_watchdog_timeout,30001,,,
1c3751cb-5157-46a4-ace3-2da1e3f26e59,19408ed8-5c9a-4a8d-9945-6014eeb478ee,usage unavailable,,local_stream_candidate_watchdog_timeout,30002,,,
e4120194-9ca3-4124-ba5c-f4c9365c7b91,20c133d2-d326-4af7-8eac-e9fd9c8379b5,usage unavailable,,local_stream_candidate_watchdog_timeout,30001,,,
e4120194-9ca3-4124-ba5c-f4c9365c7b91,d32da135-36b4-4514-8d15-7ab339e92e53,usage unavailable,,local_stream_candidate_watchdog_timeout,30001,,,
2fac2534-242c-49ea-9413-89f4d5777cef,c322172b-1c70-488f-97a7-9718a1fee64d,usage unavailable,,local_stream_candidate_watchdog_timeout,30001,,,
2fac2534-242c-49ea-9413-89f4d5777cef,28972896-c50b-42f7-8b14-f550b9a585c5,usage unavailable,,local_stream_candidate_watchdog_timeout,30001,,,
e3e6f01c-757d-4074-8094-68c24041829a,0795b242-76a2-455a-92f1-3e13d1c12cba,usage unavailable,,local_stream_candidate_watchdog_timeout,30001,,,
974c6077-18cb-49d9-bb0b-70375ff9600b,f8158129-57cb-4058-9b1a-34b817fc33b9,usage unavailable,,local_stream_candidate_watchdog_timeout,30003,,,
e3e6f01c-757d-4074-8094-68c24041829a,82697a76-1701-48db-8c23-3d2fc98fc920,usage unavailable,,local_stream_candidate_watchdog_timeout,30002,,,
974c6077-18cb-49d9-bb0b-70375ff9600b,fb7984e3-2905-4fd4-b2b5-aa3804fe75b3,usage unavailable,,local_stream_candidate_watchdog_timeout,30002,,,
e3e6f01c-757d-4074-8094-68c24041829a,3d76c1ed-2513-4267-b51e-9d9fc6ca7698,usage unavailable,,local_stream_candidate_watchdog_timeout,30002,,,
974c6077-18cb-49d9-bb0b-70375ff9600b,3cdd4bad-c046-4a6c-89f7-164230bf98db,usage unavailable,,local_stream_candidate_watchdog_timeout,30001,,,
e3e6f01c-757d-4074-8094-68c24041829a,ba31b24a-acde-4116-9e6a-bf0ac2eaa75a,usage unavailable,,local_stream_candidate_watchdog_timeout,30001,,,
de343c8d-8724-4e03-aac0-d4ba1c552dc1,fd29f727-76d7-44f1-bfa6-0e5b35974ab2,usage unavailable,,local_stream_candidate_watchdog_timeout,30002,,,
a82a72ba-577e-467b-8aee-dc4486bce02a,20bf8808-5189-48e5-9fb0-1f78d5e84b7f,usage unavailable,,local_stream_candidate_watchdog_timeout,30001,,,
dcbae671-16a0-4c12-a411-74191bcc65da,4173fc8b-07e6-405f-b413-83fb6385ff53,usage unavailable,,local_stream_candidate_watchdog_timeout,30002,,,
dcbae671-16a0-4c12-a411-74191bcc65da,0ba2f68f-70e4-4130-9bf8-f3ed6118de85,usage unavailable,,local_stream_candidate_watchdog_timeout,30001,,,
3057199a-9c4f-49c0-b184-cf1f43ed914f,d4ae6be1-4e31-4eb8-88b9-08046c927ede,usage unavailable,,local_stream_candidate_watchdog_timeout,30002,,,
dcbae671-16a0-4c12-a411-74191bcc65da,fa1973dd-e863-4a1e-a2f6-94da2125b8c6,usage unavailable,,local_stream_candidate_watchdog_timeout,30002,,,
3057199a-9c4f-49c0-b184-cf1f43ed914f,14aff816-c1a1-4acc-9766-cda071456394,usage unavailable,,local_stream_candidate_watchdog_timeout,30002,,,
03194cd3-6007-4580-8c50-ce201c25442d,6da1abd8-497f-485b-bd8b-40b8942233a4,usage unavailable,,local_stream_candidate_watchdog_timeout,30001,,,
03194cd3-6007-4580-8c50-ce201c25442d,371419a2-81ce-4641-b0e3-5a3b2476a624,usage unavailable,,local_stream_candidate_watchdog_timeout,30001,,,
64cda145-982f-4aa0-b684-680b28795b34,38ca870a-92e5-4893-ba90-03f158883a50,usage unavailable,,local_stream_candidate_watchdog_timeout,30001,,,
64cda145-982f-4aa0-b684-680b28795b34,e79454b6-9e85-45b8-8171-b027aa08370f,usage unavailable,,local_stream_candidate_watchdog_timeout,30002,,,
df09df7d-2f38-495c-bdb3-a4d34b5f8107,17dd58d4-2493-4a6e-bb48-253c25b15629,usage unavailable,,local_stream_candidate_watchdog_timeout,30001,,,
f40ace54-1e84-4b74-85ca-8650b972e816,d761a80b-9047-4b20-9f9a-30fa4afb7a68,usage unavailable,,local_stream_candidate_watchdog_timeout,30002,,,
f40ace54-1e84-4b74-85ca-8650b972e816,b7001856-1949-4598-8d94-e4c551de89c3,usage unavailable,,local_stream_candidate_watchdog_timeout,30003,,,
31296eac-da41-46ff-aecb-4a5737135c6a,21fdeb23-eef6-4be1-84eb-825538fbf1ad,usage unavailable,,local_stream_candidate_watchdog_timeout,30002,,,
f40ace54-1e84-4b74-85ca-8650b972e816,7da1a04a-6e2d-4cc9-bc46-eff1f1df4971,usage unavailable,,local_stream_candidate_watchdog_timeout,30002,,,
31296eac-da41-46ff-aecb-4a5737135c6a,32a4b7c2-422e-445a-a6c5-f0bbd74c4c2f,usage unavailable,,local_stream_candidate_watchdog_timeout,30002,,,
bd02f9cd-5e11-4d69-95af-1cd8c4ed3835,ad8af24f-2db9-46d6-a8a5-666f5b4922ea,usage unavailable,,local_stream_candidate_watchdog_timeout,30002,,,
31296eac-da41-46ff-aecb-4a5737135c6a,b2d6eee0-77c7-4426-8cfa-be83bcba171f,usage unavailable,,local_stream_candidate_watchdog_timeout,30001,,,
bd02f9cd-5e11-4d69-95af-1cd8c4ed3835,2557f086-7961-439f-b0a4-b844d5a3cb56,usage unavailable,,local_stream_candidate_watchdog_timeout,30002,,,
2d4dd08b-10ef-4ab6-8ec8-daba04958ad6,118373fc-8697-475a-a347-dcf69641229c,usage unavailable,,local_stream_candidate_watchdog_timeout,30003,,,
d0b9f456-6f19-43c5-b3f1-293ed7f65194,e001fbf1-b1bb-4329-923c-93d7937ce24a,usage unavailable,,local_stream_candidate_watchdog_timeout,30001,,,
8dff9352-feb2-4554-a9b7-cfa4b2fbbe25,f748823c-2d47-4eb8-a8d2-2e7ebc021732,usage unavailable,,local_stream_candidate_watchdog_timeout,30001,,,
5ca363af-d250-43b6-bda1-52c82b371369,4978570e-5867-4772-be87-22cdc7256412,usage unavailable,,local_stream_candidate_watchdog_timeout,30002,,,
5ca363af-d250-43b6-bda1-52c82b371369,8487d426-78e3-44aa-bd55-657805b2c3e2,usage unavailable,,local_stream_candidate_watchdog_timeout,30001,,,
3327365a-4b83-4ac2-9aa5-2c87d3ebb203,d87bc53c-13c9-4502-8ec1-46d4bf62cca5,usage unavailable,,local_stream_candidate_watchdog_timeout,30001,,,
3327365a-4b83-4ac2-9aa5-2c87d3ebb203,eba5ed4b-e522-4faf-971c-f409b6443993,usage unavailable,,local_stream_candidate_watchdog_timeout,30002,,,
c8edcf96-3dd8-48d1-9447-00ae32d8fb2d,1f8dea55-edf6-4c09-8625-da3b01fa3099,usage unavailable,,local_stream_candidate_watchdog_timeout,30001,,,
f75e0ba1-d4f6-4e6c-b811-d9cf7b8d6a54,30cafcd7-99ac-4f1a-b724-931a8728fa24,usage unavailable,,local_stream_candidate_watchdog_timeout,30001,,,
381c56e3-9a19-4c69-a2f4-1b05c4fe9789,897514bf-7c99-45d7-9a37-01b12625be07,usage unavailable,,local_stream_candidate_watchdog_timeout,30002,,,
f75e0ba1-d4f6-4e6c-b811-d9cf7b8d6a54,68a46797-9076-4e28-af56-674cf13f37f6,usage unavailable,,local_stream_candidate_watchdog_timeout,30002,,,
e396fd8a-ab39-41fa-acaf-56393e44f3e2,9fbb219e-d809-4b15-8936-93122a51b20d,usage unavailable,,local_stream_candidate_watchdog_timeout,30002,,,
29334746-7aef-42f5-a024-d67d2e5f48a8,148df630-6ea7-404b-800b-e780818a1fed,usage unavailable,,local_stream_candidate_watchdog_timeout,30002,,,
29334746-7aef-42f5-a024-d67d2e5f48a8,08f8f645-fcdf-4eec-afe5-ecca32a39704,usage unavailable,,local_stream_candidate_watchdog_timeout,30004,,,
b798a9da-ef23-4e94-b15b-350bc0acdfc5,ddd155ec-0f45-4513-bd4b-cbd28004115e,usage unavailable,,local_stream_candidate_watchdog_timeout,30002,,,
40771a61-fd56-4315-b9b0-f3e2ae70795b,16538177-9546-4779-b2d2-2cea97f13a93,usage unavailable,,local_stream_candidate_watchdog_timeout,30002,,,
b798a9da-ef23-4e94-b15b-350bc0acdfc5,c4a039ef-b290-47a6-8f7f-fcec0c887d11,usage unavailable,,local_stream_candidate_watchdog_timeout,30002,,,
1e2d9f6d-239f-49bc-8d25-dd69fbffae8a,40a765af-6735-446c-ad6a-1b7ef4d5322d,usage unavailable,,local_stream_candidate_watchdog_timeout,30000,,,
1e2d9f6d-239f-49bc-8d25-dd69fbffae8a,b1758e53-7173-46e5-b95b-0b0b4e2de956,usage unavailable,,local_stream_candidate_watchdog_timeout,30002,,,
41c07845-cee6-4197-b8cd-5056b9f7ce5a,318fde35-b1ae-4ce4-9539-0ce2730f7cbd,usage unavailable,,local_stream_candidate_watchdog_timeout,30001,,,
a8ebb890-69f9-478c-9b79-f4fcb4416921,62f79a1d-98d8-4816-ac13-0e8c9c4af387,usage unavailable,,local_stream_candidate_watchdog_timeout,30002,,,
c2e0d97a-cada-42fb-9263-1368ee8dc4e6,e324272a-bdc6-415d-bac8-e5d6413e8784,usage unavailable,,local_stream_candidate_watchdog_timeout,30003,,,
50fecb72-afb0-4ab4-bde0-0d36e0cb8c2f,5ee92089-4370-4cc0-bbf4-6eb73bdd32b7,usage unavailable,,local_stream_candidate_watchdog_timeout,30002,,,
cf7156cc-d798-40ed-9595-5a88ee713ff8,6a3c0082-3343-419d-86ab-bf75764a302e,usage unavailable,,local_stream_candidate_watchdog_timeout,30001,,,
30a83ad1-2424-49c1-9e90-9e4f66a6870e,cadcb208-bcff-4d17-ad76-a1f434d8bba1,usage unavailable,,local_stream_candidate_watchdog_timeout,30002,,,
cf7156cc-d798-40ed-9595-5a88ee713ff8,c4c0cce3-7077-4765-8980-82d6b19ad073,usage unavailable,,local_stream_candidate_watchdog_timeout,30002,,,
0f9076b6-c4a0-41b6-b57a-270d6cab8aff,b7ed5b2a-a44f-419f-ba55-7c194350dc94,usage unavailable,,local_stream_candidate_watchdog_timeout,30002,,,
b17b30df-bf3e-49d9-8191-882cf4a520c3,67da4b39-a416-4403-a26e-97cce4e6f879,usage unavailable,,local_stream_candidate_watchdog_timeout,30001,,,
52dae464-d8bb-486a-b89b-32b3e8ea39c5,211a1b3a-83bf-4ec4-b375-20a979eaf758,usage unavailable,,local_stream_candidate_watchdog_timeout,30001,,,
b17b30df-bf3e-49d9-8191-882cf4a520c3,5df3004d-3d96-41e3-9f69-f1179d7fd8aa,usage unavailable,,local_stream_candidate_watchdog_timeout,30000,,,
673666a8-316c-4fc8-9d6e-5b94a4b4efd3,065fcc25-a14e-4129-9434-5c537fdbaab1,usage unavailable,,local_stream_candidate_watchdog_timeout,30002,,,
4fe17a60-4a40-44c3-965f-7a95f8ad5f00,ba382624-68ce-4dce-88b2-7890f2c02185,usage unavailable,,local_stream_candidate_watchdog_timeout,30001,,,
069a6350-71e5-433b-8adc-08705e047ef1,cc9befc7-f2e7-4f6c-b45b-6a034db52522,usage unavailable,,local_stream_candidate_watchdog_timeout,30001,,,
4fe17a60-4a40-44c3-965f-7a95f8ad5f00,89a78509-cfa0-4167-80a3-26cce0e958ea,usage unavailable,,local_stream_candidate_watchdog_timeout,30001,,,
7364ea75-10a0-4ac1-a979-9c1d1a5dedb9,734069b2-6b72-45d7-b1a9-0f695d6e55bd,usage unavailable,,local_stream_candidate_watchdog_timeout,30001,,,
f773bfa3-06d8-41c7-acfb-f45c02767588,36af3663-5a8d-4b4f-85a1-b2f88b76fa8f,usage unavailable,,local_stream_candidate_watchdog_timeout,30001,,,
27943178-7b36-4f6a-8189-3e2ca2d75e0b,565d5346-14e5-4ab8-8a56-d05490a3814f,usage unavailable,,local_stream_candidate_watchdog_timeout,30002,,,
f773bfa3-06d8-41c7-acfb-f45c02767588,37084bac-cfc0-436e-ba8b-ac63a1bc18c5,usage unavailable,,local_stream_candidate_watchdog_timeout,30001,,,
3db7138e-56a2-4746-9734-fee95ea9ee8d,cf94159f-b4ac-44a6-91e8-27854bd9adcc,usage unavailable,,local_stream_candidate_watchdog_timeout,30002,,,
895c6c81-7e64-4ce4-a699-0b200edcdcf3,56d2d63a-2e35-47ae-9db1-2e1048ce03a2,usage unavailable,,local_stream_candidate_watchdog_timeout,30002,,,
895c6c81-7e64-4ce4-a699-0b200edcdcf3,0a300d30-c18a-40cd-b027-e3d684bb9222,usage unavailable,,local_stream_candidate_watchdog_timeout,30002,29717,200,aether-gateway.2026-09-10.log:3572
98e56a93-72c5-4180-b3fb-cda9548aa30e,fa2cb60c-16bf-4a9d-b2ce-4f9c3567ac7f,usage unavailable,,local_stream_candidate_watchdog_timeout,30002,,,
bdf338a4-ac5c-4435-ab68-90526ea87e64,aed89e99-4289-422f-9d3e-a3fabacf9270,usage unavailable,,local_stream_candidate_watchdog_timeout,30002,,,
b48c459c-962a-4489-a159-bd6cae036ba7,1b203a1f-f535-4f9f-86ae-9afcf48c93ae,usage unavailable,,local_stream_candidate_watchdog_timeout,30001,,,
32a32515-14ab-4fd4-a46a-8db5b50a8cae,28bd1b91-f98a-4998-8727-cf2b8de63aaa,usage unavailable,,local_stream_candidate_watchdog_timeout,30001,,,
c1808fad-ee83-421e-a41e-2b1111bc3bee,05371ca9-9267-4dbe-9fa3-7bd5b450e192,usage unavailable,,local_stream_candidate_watchdog_timeout,30001,,,
7c949be7-1cba-41ee-9cf2-cfe0425f6e84,7903f127-f4e1-4398-866a-15da9b56a6ec,usage unavailable,,local_stream_candidate_watchdog_timeout,30002,,,
0bc2c49a-2ca4-482e-a835-09c1d1728244,87dffddf-f6f8-4f9e-b9cd-df2e12fcf22f,usage unavailable,,local_stream_candidate_watchdog_timeout,30001,,,
89b6272c-85de-4a14-a233-ca06b62ebf3b,6ec0c6dd-fbb8-49a1-bf2b-7ab347a43261,usage unavailable,,local_stream_candidate_watchdog_timeout,30001,,,
54eb40a1-c481-46f2-b576-faa25edca057,4da18804-4410-4cdf-a292-029cc300c342,usage unavailable,,local_stream_candidate_watchdog_timeout,30002,,,
c66ecf44-68ee-408f-8bc2-0ca4b90434a4,31be0f77-2479-4216-83d7-fa96cf2a45e1,usage unavailable,,local_stream_candidate_watchdog_timeout,30002,,,
276ae5ed-640c-40d7-9e36-20bdd8b0984c,934d9423-1036-43de-adef-05aee3d2286b,usage unavailable,,local_stream_candidate_watchdog_timeout,30002,,,
35b79654-0cb9-46bf-b8fc-43004d9b8782,5db3937e-02f6-431c-8121-8c70c76797a5,usage unavailable,,local_stream_candidate_watchdog_timeout,30001,,,
35b79654-0cb9-46bf-b8fc-43004d9b8782,dc2d571f-af63-43fb-9a37-50e0f660d1f1,usage unavailable,,local_stream_candidate_watchdog_timeout,30001,,,
24f6c592-5b3a-4652-8455-f46511a3dc15,797ade2a-141b-4490-9091-a6ab48b07491,usage unavailable,,local_stream_candidate_watchdog_timeout,30001,,,
12041bab-d7c7-4219-bccf-28c49f1abed9,58e36796-74bf-4bc7-ac45-350d997cbdb6,usage unavailable,,local_stream_candidate_watchdog_timeout,30002,,,
a58e59a3-cee4-4f1f-ab3f-5d4aec756e8b,af659cd5-895c-4f90-bab3-65987f2a03fd,usage unavailable,,local_stream_candidate_watchdog_timeout,30002,,,
12041bab-d7c7-4219-bccf-28c49f1abed9,800eb7a5-59f1-432b-9aee-8a45ac549b47,usage unavailable,,local_stream_candidate_watchdog_timeout,30002,,,
a58e59a3-cee4-4f1f-ab3f-5d4aec756e8b,a6d7fde3-d38a-4a8b-8595-f26e94335fdd,usage unavailable,,local_stream_candidate_watchdog_timeout,30002,,,
63aead61-f997-4fe6-ab27-5135fd7f7d30,4db7884e-ebd8-4469-89bf-250ece2827e7,usage unavailable,,local_stream_candidate_watchdog_timeout,30001,,,
67268a31-e02b-45c8-930f-7600d21ee839,7ae3c643-fb64-4528-a4c5-1705ef9c6ec6,usage unavailable,,local_stream_candidate_watchdog_timeout,30002,,,
0ca83bb7-84fe-4c47-971c-574808f77503,b12a0944-820d-4ac4-9562-e450b2328ac6,usage unavailable,,local_stream_candidate_watchdog_timeout,30002,,,
87a6c434-b8af-478e-8f1d-cbf4191d8da4,884064eb-6295-499d-bdcc-f7aab9ee29eb,usage unavailable,,local_stream_candidate_watchdog_timeout,30001,,,
7ac9ce35-7498-4987-8af1-0fcfe8c2bb7b,1809fd13-168a-4909-ac21-2c2817cc49f9,usage unavailable,,local_stream_candidate_watchdog_timeout,30001,,,
87a6c434-b8af-478e-8f1d-cbf4191d8da4,cdb2487c-e7dc-46a8-badb-851d3f51abfd,usage unavailable,,local_stream_candidate_watchdog_timeout,30001,,,
54e6f807-5528-4962-bd53-35228c323e3a,3fac1c1d-bf69-4aa4-901f-5a64acf84056,usage unavailable,,local_stream_candidate_watchdog_timeout,30002,,,
847c8ae4-0fa0-4a44-b72d-f5c56d9fd6f6,a4fa7b53-7eca-45d4-8ebd-e4c3dc1934ba,usage unavailable,,local_stream_candidate_watchdog_timeout,30002,,,
25061b87-38a8-418a-9e68-50920da7b4fd,c38837c7-17be-4c34-8b2a-9213bf37129f,usage unavailable,,local_stream_candidate_watchdog_timeout,30001,,,
aa8a874a-45ab-4527-830b-855f7234747b,d1c4a437-d424-4466-b4be-4042ab9ea198,usage unavailable,,local_stream_candidate_watchdog_timeout,30002,,,
b901f40f-7e9a-462c-aa7a-812d325ed54b,2e10e5c9-84df-4625-b9dd-b3d58ad33dcb,usage unavailable,,local_stream_candidate_watchdog_timeout,30001,,,
cf170e7f-0fd0-4864-8253-538eec18b8c8,a2f350ee-bea3-4ba8-a2c0-2f3d577215e6,usage unavailable,,local_stream_candidate_watchdog_timeout,30002,,,
efd66d73-b13c-40a6-a756-61589e55b08d,73ebda74-29c4-41db-a60f-dc37d4b4ffe7,usage unavailable,,local_stream_candidate_watchdog_timeout,30002,,,
5c0ea20e-b302-45f9-934e-777f57f57c21,ce1e3aea-2a38-4b14-a9ee-a5e4b5815f4f,usage unavailable,,local_stream_candidate_watchdog_timeout,30002,,,
770aec77-d802-407c-aead-19a26b5e7811,ce0ef51d-808e-42aa-add0-58d6f66a0c05,usage unavailable,,local_stream_candidate_watchdog_timeout,30002,,,
7a7665c0-3c32-4cc0-b7a1-bcf91915f919,ddecc797-65ef-499d-879f-2c9b2ca3e61a,usage unavailable,,local_stream_candidate_watchdog_timeout,30001,,,
b1733c6a-6141-451e-89db-017b0bcf04c4,7172911b-8854-4105-9327-9383c282d34a,usage unavailable,,local_stream_candidate_watchdog_timeout,30002,,,
b035a423-9028-4122-ae17-f4d1c56010f0,2b1051f0-80ce-4ce6-b7e8-f00982e26ceb,usage unavailable,,local_stream_candidate_watchdog_timeout,30001,,,
137a537d-b615-4381-af46-a87b76afb358,98c9e233-0858-412c-9be7-b93b0439592e,usage unavailable,,local_stream_candidate_watchdog_timeout,30001,,,
db170c88-7041-4ffa-b2b9-311072b62560,4410267c-70d9-44e6-b17e-5c04f711f868,usage unavailable,,local_stream_candidate_watchdog_timeout,30001,,,
c0d849b8-4a54-49ec-b04a-65a01d564138,e4401149-23b1-4b41-8cc2-eaeb7ba7cfea,usage unavailable,,local_stream_candidate_watchdog_timeout,30002,,,
954f9a9e-5187-45eb-bfcb-cef69fa41a10,654ffd63-b6ec-4ed3-aea2-85ec3c498a54,usage unavailable,,local_stream_candidate_watchdog_timeout,30002,,,
6444579a-d3ae-4a5d-8776-f5ff29705068,77b40d28-45c2-4fc9-ba3c-a68e29e09d16,usage unavailable,,local_stream_candidate_watchdog_timeout,30002,,,
12a1ec66-aca9-4635-ae0f-974e1c1be5e8,92e7f478-1d1a-4270-8d27-066c580970d5,usage unavailable,,local_stream_candidate_watchdog_timeout,30002,,,
ca78e32d-2b72-4f87-9432-d619682fafeb,e95bc1f8-aa3b-40e2-a5bb-ac3f36648513,usage unavailable,,local_stream_candidate_watchdog_timeout,30002,,,
42ba26b9-d5bf-4913-9fbc-68ad11f04ea2,027a77b7-8f37-458c-b733-74bb61b865b7,usage unavailable,,local_stream_candidate_watchdog_timeout,30001,,,
b550420d-1a3a-428a-9709-e94d5120658d,202bc5a0-f392-467d-b799-592c352e94eb,usage unavailable,,local_stream_candidate_watchdog_timeout,30002,,,
c0b6f098-65d5-4b8d-bc54-b1e5ae51e8c5,09bd747c-eaae-43da-8a29-f55977d2a7fd,usage unavailable,,local_stream_candidate_watchdog_timeout,30002,,,
668d5914-9c86-4e5b-91e2-45bd632d910d,c88391f2-8f0c-4b37-be54-73f42c41b290,usage unavailable,,local_stream_candidate_watchdog_timeout,30002,,,
cfd83281-aee5-4daf-a071-f5db1bcbeac9,7c33c7d9-b267-4f24-8700-35bf8a354c21,usage unavailable,,local_stream_candidate_watchdog_timeout,30001,,,
cd5b6dec-c6f3-411e-8910-0a9fb7d87906,c6b55476-764d-4a9b-9ba2-e8b7d2e74d97,usage unavailable,,local_stream_candidate_watchdog_timeout,30002,,,
89aa12e6-a93b-4298-a6d8-0b93887e4946,b83735d8-c3aa-4c05-b603-463d15062aa7,usage unavailable,,local_stream_candidate_watchdog_timeout,30002,,,
00fb74dc-a5a1-45c1-bb49-beafd0869676,add61f3f-103d-4c95-a709-8d56e82383ca,usage unavailable,,local_stream_candidate_watchdog_timeout,30001,,,
b161e31a-ebbe-42d5-96fd-0302c1cb3ab5,4090afa5-8847-46c5-a723-6545dbc08f66,usage unavailable,,local_stream_candidate_watchdog_timeout,30002,,,
54db5945-abb1-412e-954e-86f8b86e3c47,2f4d8ce6-6c81-4bb1-baac-b2e544e1a77f,usage unavailable,,local_stream_candidate_watchdog_timeout,30002,,,
b161e31a-ebbe-42d5-96fd-0302c1cb3ab5,82e8909e-db21-4904-b6b1-2cfe60143c04,usage unavailable,,local_stream_candidate_watchdog_timeout,30001,,,
229ac49a-bf85-4eba-b41f-ecdf1cd7a0f1,9bcd8f6a-de9b-4535-adb5-90c4cf7edeb6,usage unavailable,,local_stream_candidate_watchdog_timeout,30002,,,
adec2079-1cde-4111-ac8f-33627ce6c526,ec0c21ae-015a-48e4-ba30-b8bef83a136c,usage unavailable,,local_stream_candidate_watchdog_timeout,30002,,,
5320466c-e007-42c7-a27e-21b72030dad5,42267aee-c69f-4e46-8cdf-17b0a02b5fa8,usage unavailable,,local_stream_candidate_watchdog_timeout,30002,,,
ad89b021-4880-4c95-a98b-11a48ddcd3eb,93b1c471-b1cd-4735-b126-90dc8c67e9f8,usage unavailable,,local_stream_candidate_watchdog_timeout,30002,,,
ad89b021-4880-4c95-a98b-11a48ddcd3eb,411fb70b-d905-4393-929a-014073b05ef6,usage unavailable,,local_stream_candidate_watchdog_timeout,30001,,,
c704ab87-5658-4287-a52c-d941bf99a05f,220de889-b778-422c-b4b5-fb6634be7816,usage unavailable,,local_stream_candidate_watchdog_timeout,30001,,,
c7714f11-1be5-4ea3-a48f-077888d28e39,8c5c7b43-2e95-44d3-ba64-197be3e4747c,usage unavailable,,local_stream_candidate_watchdog_timeout,30001,,,
272e88e6-6698-46ec-8d84-8f7a246e50d1,c4001e32-2535-4180-a0af-d7622bcc3ff8,usage unavailable,,local_stream_candidate_watchdog_timeout,30001,,,
c704ab87-5658-4287-a52c-d941bf99a05f,3ff2262b-429c-436a-af11-0ddb6da01607,usage unavailable,,local_stream_candidate_watchdog_timeout,30002,,,
57f563a3-2bf2-4221-a4ed-9735cbcd31d2,0b3e980f-acf8-4146-9cb7-1cff44ff277c,usage unavailable,,local_stream_candidate_watchdog_timeout,30001,,,
69c27cc2-1a51-4be4-8c43-cf96116aed7e,f0a53f4f-2f9c-4d2c-9bef-05544cd1bcee,usage unavailable,,local_stream_candidate_watchdog_timeout,30001,,,
a394e2ac-91d1-487f-922f-6bd870a003f9,e94e1209-e0a4-4789-bbb6-97020a0eff07,usage unavailable,,local_stream_candidate_watchdog_timeout,30002,,,
57f563a3-2bf2-4221-a4ed-9735cbcd31d2,3cde81ab-8c3c-4e2a-bdd0-212544c5225b,usage unavailable,,local_stream_candidate_watchdog_timeout,30002,,,
068b2541-f40c-4f7c-863f-6db06e923fc6,a71a319b-2ab7-4c0b-a88b-7e09a77bb2be,usage unavailable,,local_stream_candidate_watchdog_timeout,30002,,,
6f155b99-cb7f-4b33-b81d-5dc8ce5e4c42,f2c6bdd3-7f77-4ae8-a742-249376bcdfd8,usage unavailable,,local_stream_candidate_watchdog_timeout,30001,,,
dfaa730e-e5ac-4ae3-bb52-9396a14a68e6,dc337cc2-08b5-401a-a672-b7333241e614,usage unavailable,,local_stream_candidate_watchdog_timeout,30001,,,
6f155b99-cb7f-4b33-b81d-5dc8ce5e4c42,18c9b8d1-e894-4d26-9dd3-4f94185487aa,usage unavailable,,local_stream_candidate_watchdog_timeout,30001,,,
08cd5e6e-573d-476f-a6d3-40440a31f3f2,c9a7b35b-f439-4de8-91a6-5687db7269d5,usage unavailable,,local_stream_candidate_watchdog_timeout,30001,,,
16a3bc16-c6f9-483a-87ac-e33c7c609616,a898cafe-93e9-4806-979e-4cd8e4818904,usage unavailable,,local_stream_candidate_watchdog_timeout,30000,,,
fd947167-bd71-4bf5-9d5d-3effb40bf79a,aa93cf26-6d6b-4d69-833a-16ee2fb6154c,usage unavailable,,local_stream_candidate_watchdog_timeout,30002,,,
fd947167-bd71-4bf5-9d5d-3effb40bf79a,2eb95410-63b8-4e10-be83-0cd3f171e140,usage unavailable,,local_stream_candidate_watchdog_timeout,30001,,,
8c277032-512a-437c-9500-ea8bb98c2c6d,35d526b5-945f-401c-ab38-9ac2a4a6c5cc,usage unavailable,,local_stream_candidate_watchdog_timeout,30001,,,
cae30cd7-d2b3-49b4-8b53-1a3f18f20f09,7d21ea5f-6109-4269-baa6-4cc39066ade8,usage unavailable,,local_stream_candidate_watchdog_timeout,30002,,,
bb1704c1-7a5c-4a3e-99f0-efaeef553b1f,072eeecc-cbc9-482c-a5d2-f07904f4687c,usage unavailable,,local_stream_candidate_watchdog_timeout,30002,,,
58519fe9-6142-4040-8299-eb7e54dc44ab,ad46e7f4-bc99-44d0-aa8e-5b425c298957,usage unavailable,,local_stream_candidate_watchdog_timeout,30001,,,
06d50a1e-b085-4a1c-9278-8ff93b8743fb,b2436073-8644-47cc-9910-adf9815c19fa,usage unavailable,,local_stream_candidate_watchdog_timeout,30002,,,
e68f7a92-9c77-4e19-9261-73d2feae7b07,c81faedc-4474-4302-a08b-51b89092b2fd,usage unavailable,,local_stream_candidate_watchdog_timeout,30002,,,
a40f6c13-199c-47b4-a72c-114adc048b47,065c483b-b926-4d5b-8773-ce227cd5cb89,usage unavailable,,local_stream_candidate_watchdog_timeout,30002,,,
513a0b46-4651-4adf-8770-c434b8b0c589,d359a87a-ceb9-4694-865e-9828b6018983,usage unavailable,,local_stream_candidate_watchdog_timeout,30002,,,
94e5bffa-f9e9-4154-85f8-809b2ffde6fc,1f983504-56b2-4ebd-9485-747860b630c8,usage unavailable,,local_stream_candidate_watchdog_timeout,30001,,,
650778e4-a6c8-4cdb-94d1-2eea3b8ca7a2,59961689-248e-409e-bc05-80caebc036dc,usage unavailable,,local_stream_candidate_watchdog_timeout,30001,,,
9988ed07-7ef9-4fc0-8036-67b8598980ae,cfc25984-5226-422f-bb8e-51ac9dfc9988,usage unavailable,,local_stream_candidate_watchdog_timeout,30001,,,
9c1da211-9560-4795-ae34-cd44c4937edc,d18a29e6-265f-4ba0-b593-57bd2bfe51be,usage unavailable,,local_stream_candidate_watchdog_timeout,30001,,,
c785da87-5dda-4adb-87b1-952b8661a903,a89ce028-07af-4eb4-ac6f-217fb8b1ab6b,usage unavailable,,local_stream_candidate_watchdog_timeout,30001,,,
320be556-6234-4132-a3da-9207b8feaee4,df0951b1-7e3d-447d-860c-882d421bc654,usage unavailable,,local_stream_candidate_watchdog_timeout,30002,,,
5567b262-6dd5-477a-9ebc-009d37f23b58,c1a8d51b-6f34-4cbb-9b89-8447e14ede06,usage unavailable,,local_stream_candidate_watchdog_timeout,30001,,,
2cdd09f9-d6b5-47de-a46d-ab1ec09fb071,ff4a08fa-f9cc-4a0b-bbab-90012ed458e1,usage unavailable,,local_stream_candidate_watchdog_timeout,30002,,,
5aabdb74-6e57-426c-855a-15fbc0472389,95f31390-35e9-4d7c-8639-0c62deea2fe7,usage unavailable,,local_stream_candidate_watchdog_timeout,30002,,,
db6d70ab-41d0-4fd2-abcf-8a54cdb54829,69157911-a06d-433b-9fe6-3b306a7bb2d1,usage unavailable,,local_stream_candidate_watchdog_timeout,30001,,,
5f2785be-51c9-4d54-b6a0-14e1ba886e74,7cac5185-d3fb-4339-aa39-9564e31cb978,usage unavailable,,local_stream_candidate_watchdog_timeout,30003,,,
89e7b1ff-f473-49ea-abc9-1b50d71ec031,8c1d9c6b-f67f-4b4e-80e0-db25617aa736,usage unavailable,,local_stream_candidate_watchdog_timeout,30004,,,
2d09c812-63bc-4a44-ae60-951e152199e7,07b5f0d2-4fea-4156-b205-a083a1bbc939,usage unavailable,,local_stream_candidate_watchdog_timeout,30003,,,
335b6f0a-14cc-4792-8baf-cc6b181492ee,0665d638-6302-41ec-9f8b-80714d0d6456,usage unavailable,,local_stream_candidate_watchdog_timeout,30003,,,
6f102c40-6132-4ea4-a3c1-6d39d5efcaa5,6777ddf8-d2ff-4f15-a355-9b80cdb761ae,usage unavailable,,local_stream_candidate_watchdog_timeout,30001,,,
7ca07b9e-f5c2-4b38-9586-2ca6da4da77f,bec97670-6a05-4771-b89a-856f30dc46c3,usage unavailable,,local_stream_candidate_watchdog_timeout,30003,,,
5feee2f2-6fc1-4744-a280-71c7472cdc5e,e2909c93-e9e8-4326-8e6f-18167d5ce901,usage unavailable,,local_stream_candidate_watchdog_timeout,30002,,,
b03cdb3f-1b07-4708-bff2-d60af2be3695,dcdebde4-ca1c-4cf6-9dca-450d9112cc46,usage unavailable,,local_stream_candidate_watchdog_timeout,30003,,,
7e2685bd-9cb7-45a6-889a-d2dfe7b6ca79,8b5f9f84-49e9-4e9a-a385-40891aa65599,usage unavailable,,local_stream_candidate_watchdog_timeout,30002,,,
7e2685bd-9cb7-45a6-889a-d2dfe7b6ca79,50601df5-db8a-4b59-83b9-fb7d86a39b8d,usage unavailable,,local_stream_candidate_watchdog_timeout,30002,,,
a5a5719d-5793-4d1f-85be-03f4abb5aa38,8ea6ffe3-417b-4f74-a81d-b0cdb29cef84,usage unavailable,,local_stream_candidate_watchdog_timeout,30001,29764,200,aether-gateway.2026-09-10.log:6850
84a9e8b9-a832-430a-b824-4246dd1feffc,539816ed-1a6c-4457-a544-e9f2319ed646,usage unavailable,,local_stream_candidate_watchdog_timeout,30002,,,
bb90e7c3-2b16-4e73-b859-db40ea27d538,169338c8-11bf-4a91-9f34-b747031ab769,usage unavailable,,local_stream_candidate_watchdog_timeout,30001,,,
bb90e7c3-2b16-4e73-b859-db40ea27d538,fea803f4-c4d0-4b2d-bce6-4fcc3b5aa647,usage unavailable,,local_stream_candidate_watchdog_timeout,30001,,,
c53376b8-0399-4efc-97d7-bc8f4eb3ad0e,950dcdbe-5eca-454a-abc1-dd1bb81c18ad,usage unavailable,,local_stream_candidate_watchdog_timeout,30002,,,
64934793-a9b5-4295-97c4-16ea252b1c3f,4e52c551-8966-447c-9d5b-b07f3afb3155,usage unavailable,,local_stream_candidate_watchdog_timeout,30001,,,
445df930-1929-47bd-bef5-dc9207f8f5a2,43732077-4fe5-47b0-82a6-9cc30bb3910c,usage unavailable,,local_stream_candidate_watchdog_timeout,30002,,,
445df930-1929-47bd-bef5-dc9207f8f5a2,097e3309-ff03-4afe-9215-b6edf815b1c0,usage unavailable,,local_stream_candidate_watchdog_timeout,30001,,,
deabf5b5-dccb-4d62-b503-9a0c8ceab3d7,32e7a605-5449-4c33-a5e2-d893d1b4e3f8,usage unavailable,,local_stream_candidate_watchdog_timeout,30001,,,
858ca1b0-4ae6-401c-b89c-8fb7ccc50b0d,74c2ec69-7783-467b-899e-e4e01680d7df,usage unavailable,,local_stream_candidate_watchdog_timeout,30001,,,
858ca1b0-4ae6-401c-b89c-8fb7ccc50b0d,490126d6-b22b-48aa-979f-6ed8eb62fd18,usage unavailable,,local_stream_candidate_watchdog_timeout,30002,,,
d0d32f36-e237-490f-98f7-c9269d12f13a,82457465-070b-4ff3-96ce-9b60428b0f58,usage unavailable,,local_stream_candidate_watchdog_timeout,30001,,,
4b066948-2015-477f-ad31-b67b2983dbe4,f36a0cad-a718-47ec-a27a-218827cb083b,usage unavailable,,local_stream_candidate_watchdog_timeout,30003,,,
b293cd90-f64f-4595-bb8e-714bd9e9055f,3c039f5f-9fd3-4553-943f-8e535ac0fb09,usage unavailable,,local_stream_candidate_watchdog_timeout,30002,,,
b293cd90-f64f-4595-bb8e-714bd9e9055f,009b97cf-423e-4cd3-adbc-71993f46ce2b,usage unavailable,,local_stream_candidate_watchdog_timeout,30001,,,
ef80758f-717a-47d1-a3f8-57dcdadc7b42,e86b111f-977a-41fe-96db-a51be080f458,usage unavailable,,local_stream_candidate_watchdog_timeout,30002,,,
3469ae6c-0685-425b-992f-cd6170c21b32,0837ce01-e83b-4e23-b99e-47159e372edb,usage unavailable,,local_stream_candidate_watchdog_timeout,30001,,,
5c50db3e-b163-4e68-b2c8-e2c61ea845b9,7fa0ec3e-67b8-4fa8-b629-e7b5b7cc5f89,usage unavailable,,local_stream_candidate_watchdog_timeout,30002,,,
5c50db3e-b163-4e68-b2c8-e2c61ea845b9,05c5bbac-659e-4058-9d12-d4a0017542fd,usage unavailable,,local_stream_candidate_watchdog_timeout,30001,,,
c4520573-3a2f-4dd1-8c6a-732cd2b08811,743656e0-9e2f-4ff3-8e2f-7056eed13088,usage unavailable,,local_stream_candidate_watchdog_timeout,30002,,,
4b71ef06-cb0b-41ba-a83e-de4ca9236b34,d1607fe0-6915-4066-999d-fb28c53c8c07,usage unavailable,,local_stream_candidate_watchdog_timeout,30002,,,
4b71ef06-cb0b-41ba-a83e-de4ca9236b34,2c1a5bfc-8087-46b3-b952-321cc82cb3b9,usage unavailable,,local_stream_candidate_watchdog_timeout,30001,,,
ca98a90f-7bf6-465b-843f-df88bf573079,6bdb5b88-eba9-4648-b95a-86d97b8c1078,usage unavailable,,local_stream_candidate_watchdog_timeout,30001,,,
109c3d68-1503-4d20-8abd-08d2ae2771a9,279f5187-7fd2-4b16-a4f4-da17e733edcd,usage unavailable,,local_stream_candidate_watchdog_timeout,30002,,,
0db24504-8a5f-4b64-b97c-82404c4560d0,c5007802-47ab-4cfa-912a-6a5de5b38003,usage unavailable,,local_stream_candidate_watchdog_timeout,30001,,,
780fb63a-899a-449b-9687-93438130f502,14a9f467-7d46-42bb-9001-c994dec6eab4,usage unavailable,,local_stream_candidate_watchdog_timeout,30001,,,
d7905b2f-9274-4645-aa7c-84682070f4e9,63fd8cbe-b0eb-48c7-a329-fe04e5c7d6d9,usage unavailable,,local_stream_candidate_watchdog_timeout,30002,,,
edc4951a-f0f2-49fb-84f1-55f437783845,d47016a1-681d-45d7-85b4-a270ba259c7d,usage unavailable,,local_stream_candidate_watchdog_timeout,30002,,,
1f147850-5f69-4b97-bd69-ba8ce73f65c2,7f57a160-28b3-4863-82f0-ff762504c52a,usage unavailable,,local_stream_candidate_watchdog_timeout,30002,,,
dfd8b373-1449-49a6-b644-f7831a9c6560,e04c9388-10fb-4190-9dca-bbc64156c972,usage unavailable,,local_stream_candidate_watchdog_timeout,30001,,,
dfd8b373-1449-49a6-b644-f7831a9c6560,4da9fdf7-e284-4ab8-b750-29701a81e641,usage unavailable,,local_stream_candidate_watchdog_timeout,30003,,,
ee8cbea0-10b0-4d26-bba0-891e57b5280f,ee314a6e-4461-45d5-8058-6c07d30dd415,usage unavailable,,local_stream_candidate_watchdog_timeout,30002,,,
3dcd7213-fecf-4f7e-a258-cb8cf00e7cf6,2fe82fd3-d8e3-4f7a-858d-f556308f466e,usage unavailable,,local_stream_candidate_watchdog_timeout,30003,,,
3dcd7213-fecf-4f7e-a258-cb8cf00e7cf6,d7154f91-134a-4a63-8537-d34801be37d7,usage unavailable,,local_stream_candidate_watchdog_timeout,30002,,,
323175b8-621b-4479-b594-7152b5c51433,d3455ad0-3cde-4ce5-9b09-b80579e853dd,usage unavailable,,local_stream_candidate_watchdog_timeout,30001,,,
323175b8-621b-4479-b594-7152b5c51433,9a50defc-558f-4b2e-9161-0ea41276ed0f,usage unavailable,,local_stream_candidate_watchdog_timeout,30002,,,
4e20dc29-5dc6-4a77-983a-58c2148c0d35,fbc34714-d8f7-446b-ab6e-e7b49986d8ce,usage unavailable,,local_stream_candidate_watchdog_timeout,30002,,,
876a40cf-ed2a-444d-b6be-3d688c71c87d,6dc0fe50-4914-47ac-9663-2ab4065d22b9,usage unavailable,,local_stream_candidate_watchdog_timeout,30002,,,
98f92021-8fe7-43f0-bf55-a6006c327f76,cd12a571-9a5d-4950-8e68-bac858889048,usage unavailable,,local_stream_candidate_watchdog_timeout,30002,,,
876a40cf-ed2a-444d-b6be-3d688c71c87d,c9ea44a5-9fde-499b-bd17-8c030f2aaa7a,usage unavailable,,local_stream_candidate_watchdog_timeout,30002,,,
85b7fda0-8166-41c7-8b7a-9e259ae3aee2,8d5862f8-4d20-45ca-838c-b30424274a99,usage unavailable,,local_stream_candidate_watchdog_timeout,30002,,,
c7adeafd-57b4-4882-8e11-7d74c2a94d60,6f17e59e-2911-47a0-844c-72cf7c2d3113,usage unavailable,,local_stream_candidate_watchdog_timeout,30001,,,
f3b4d946-74a4-45c5-ac3d-6474f1d87703,7432a458-b795-4b6c-ba9b-82fee01428c4,usage unavailable,,local_stream_candidate_watchdog_timeout,30002,,,
d2c06077-a580-4dfe-acaf-71eeb862faca,3f0566a9-ad18-45a3-883b-ffdf5750f91d,usage unavailable,,local_stream_candidate_watchdog_timeout,30000,29589,200,aether-gateway.2026-09-10.log:8531
31e02a4d-aa15-4db2-aea5-fb3ccb6b1826,48166e91-925f-43ee-a363-fa93ca5ffc99,usage unavailable,,local_stream_candidate_watchdog_timeout,30002,,,
31e02a4d-aa15-4db2-aea5-fb3ccb6b1826,2abd2359-bcb3-40a6-b7a8-2d135348054f,usage unavailable,,local_stream_candidate_watchdog_timeout,30002,,,
31e02a4d-aa15-4db2-aea5-fb3ccb6b1826,379e1733-993e-43ab-aaab-ade4cbbec0e2,usage unavailable,,local_stream_candidate_watchdog_timeout,30001,,,
55dc1bf6-1bf4-46d5-aa36-019c8657efda,9e2fccea-f9fc-4102-af45-17995833fad0,usage unavailable,,local_stream_candidate_watchdog_timeout,30001,,,
5da8738a-d3fd-4a7e-bac0-4a73fb938860,ae6971a3-1115-4e31-975c-79bd3ab1c526,usage unavailable,,local_stream_candidate_watchdog_timeout,30001,,,
55dc1bf6-1bf4-46d5-aa36-019c8657efda,ff3eaf5c-7d20-45c8-a5a7-58f8bda13e5c,usage unavailable,,local_stream_candidate_watchdog_timeout,30001,,,
5bd8bed6-4b94-436d-b00b-85b3960c1d6d,d7c0c865-a0e2-47aa-8a19-7119386b956d,usage unavailable,,local_stream_candidate_watchdog_timeout,30002,,,
53d3aa3c-0fe1-4448-9ce0-b5364bbb3460,bf10bad9-0176-4a39-b43f-4feb8a523f0b,usage unavailable,,local_stream_candidate_watchdog_timeout,30003,,,
5bd8bed6-4b94-436d-b00b-85b3960c1d6d,4966639c-6de0-4ae4-a425-298fae2aad35,usage unavailable,,local_stream_candidate_watchdog_timeout,30001,,,
fa5c1a1e-4d32-4c72-ba0b-d3d2dc50a934,55f4230d-80a0-4d4b-bec4-780306f17e0b,usage unavailable,,local_stream_candidate_watchdog_timeout,30001,,,
9e0de6ca-4161-4e0b-8dbc-ac9b50d64d13,a94d88cf-22e4-40bb-94b5-d32a7410d91a,usage unavailable,,local_stream_candidate_watchdog_timeout,30003,,,
e12a9d1e-e608-4eee-9761-b774d4afe3f3,073227c0-1488-4cd1-b493-14e1103aa20c,usage unavailable,,local_stream_candidate_watchdog_timeout,30001,,,
9e0de6ca-4161-4e0b-8dbc-ac9b50d64d13,f2447366-104f-4bbd-ab4e-821be75a276e,usage unavailable,,local_stream_candidate_watchdog_timeout,30001,,,
e12a9d1e-e608-4eee-9761-b774d4afe3f3,88930cb8-0c56-4cf1-b810-d18cc12c761a,usage unavailable,,local_stream_candidate_watchdog_timeout,30002,,,
0778efb7-a157-47ec-bc70-0c3ce412e13b,629f8c4c-184d-4f46-981a-2f1b5dd27891,usage unavailable,,local_stream_candidate_watchdog_timeout,30002,,,
916b06a9-afa3-4f01-ad07-db63a3bd9afa,daaa7260-2b2f-4378-ae39-38338fb6aa61,usage unavailable,,local_stream_candidate_watchdog_timeout,30000,,,
ca38f628-d008-4b5f-a8a5-7d38fc1a6e7c,3b070d0d-83fa-4336-8963-b025ea21fc4a,usage unavailable,,local_stream_candidate_watchdog_timeout,30001,,,
916b06a9-afa3-4f01-ad07-db63a3bd9afa,a8764ebc-7acb-4b7e-aeb9-0c5a227fd249,usage unavailable,,local_stream_candidate_watchdog_timeout,30002,,,
5b676482-4fb3-468c-8804-52017a7d3b97,b06e9476-2679-4450-9276-8afa9c7296de,usage unavailable,,local_stream_candidate_watchdog_timeout,30001,,,
ca38f628-d008-4b5f-a8a5-7d38fc1a6e7c,bcc40bd8-40d4-4746-9f95-041d9866893a,usage unavailable,,local_stream_candidate_watchdog_timeout,30001,,,
0df7e3c1-2c25-435f-9f5a-2d330641a756,b669e39e-63c6-46d2-99fb-c4dfccec8f64,usage unavailable,,local_stream_candidate_watchdog_timeout,30001,,,
f67dc6dc-00f4-4f0b-88ed-b3e0b992a61e,eb9d8a83-cd7a-46d3-886b-539dbdad9447,usage unavailable,,local_stream_candidate_watchdog_timeout,30001,,,
0df7e3c1-2c25-435f-9f5a-2d330641a756,79014512-5c8d-4216-9910-c37c0484a2f8,usage unavailable,,local_stream_candidate_watchdog_timeout,30002,,,
950a544d-7475-4805-9cb5-db78b19b595f,6c6c0906-f070-4a1d-8892-4cdbe3ff6b7c,usage unavailable,,local_stream_candidate_watchdog_timeout,30001,,,
08f5a3a2-9028-46c4-84e9-2b51c3f42258,9ce398b1-cc9d-40ba-9ae2-52a71e29419f,usage unavailable,,local_stream_candidate_watchdog_timeout,30002,,,
08f5a3a2-9028-46c4-84e9-2b51c3f42258,0856faaa-ba7c-42ae-82d6-fedf69000673,usage unavailable,,local_stream_candidate_watchdog_timeout,30000,,,
c849f5e4-8e1d-4beb-a8d7-b8093b5b6152,73b6eb80-93aa-472d-af49-f634e9d3be3e,usage unavailable,,local_stream_candidate_watchdog_timeout,30002,,,
9ba39450-0ea4-4d36-b21c-3c06eaa88f3b,e197bb0a-c662-4c97-b40b-febcd6f4462a,usage unavailable,,local_stream_candidate_watchdog_timeout,30000,,,
8ea8ed9e-7b40-4002-aa54-4c34a62c5845,47569117-4c1d-480a-9af7-efe75a0b991f,usage unavailable,,local_stream_candidate_watchdog_timeout,30003,,,
9ba39450-0ea4-4d36-b21c-3c06eaa88f3b,3b861cb4-c730-4338-85d1-5889bdef8159,usage unavailable,,local_stream_candidate_watchdog_timeout,30002,,,
c10e7796-a9a4-4b7d-9241-27f5056306de,ffef3d4b-fdc3-4256-bfd4-89182ead0eba,usage unavailable,,local_stream_candidate_watchdog_timeout,30001,,,
b72870af-576a-4353-bb5e-db614278c440,d34c6e38-9c48-4abe-b009-13d64dadc1c2,usage unavailable,,local_stream_candidate_watchdog_timeout,30002,,,
b72870af-576a-4353-bb5e-db614278c440,e84e0de4-a297-4533-9f51-9459022e80fd,usage unavailable,,local_stream_candidate_watchdog_timeout,30002,,,
8bfe425f-50e6-47e2-af46-d5868ebb0e8c,d28a004c-8275-4673-bc21-2b054385475f,usage unavailable,,local_stream_candidate_watchdog_timeout,30001,,,
0d42faf7-69e8-4a50-b35d-7fd5ccd9b337,d752d8fe-ac0c-4fa7-b841-ea378d611621,usage unavailable,,local_stream_candidate_watchdog_timeout,30001,,,
8bfe425f-50e6-47e2-af46-d5868ebb0e8c,b30d69c0-2ef4-4bc5-b4dd-7263ee315b84,usage unavailable,,local_stream_candidate_watchdog_timeout,30001,,,
0d42faf7-69e8-4a50-b35d-7fd5ccd9b337,55bb40fa-03e8-4cbd-b84f-cb2fb1818db6,usage unavailable,,local_stream_candidate_watchdog_timeout,30002,,,
0e7cf24a-3f3d-48a5-8895-77981044848d,3fdb0c9c-ce0f-442f-bb7b-e5f10b448fe4,usage unavailable,,local_stream_candidate_watchdog_timeout,30002,,,
9d759ab0-bf1b-480a-b5d2-36f79ab2770c,7ea830bc-1241-4030-ba7d-403485f8813a,usage unavailable,,local_stream_candidate_watchdog_timeout,30001,,,
0e7cf24a-3f3d-48a5-8895-77981044848d,cdf02418-38d9-453c-a096-c2828503a248,usage unavailable,,local_stream_candidate_watchdog_timeout,30003,,,
9d759ab0-bf1b-480a-b5d2-36f79ab2770c,9a794217-68fc-4072-bf9a-6be2e824b475,usage unavailable,,local_stream_candidate_watchdog_timeout,30001,,,
1c40bbc3-7c63-4fa3-bfc8-9cddbdb221b5,ec4c88ed-bbc2-44b0-837e-5a6758ec380e,usage unavailable,,local_stream_candidate_watchdog_timeout,30003,,,
c229c077-11bf-4b95-b220-4a6a6e74b860,02ec5498-9f60-4893-90c4-1d3c062ece15,usage unavailable,,local_stream_candidate_watchdog_timeout,30004,,,
1e58f7ad-3774-4e32-8bc0-f1226f5a372c,71b0d1e2-bc1d-4efa-93d2-20750dfc4ded,usage unavailable,,local_stream_candidate_watchdog_timeout,30002,,,
928c229d-cdd6-426e-b51d-aa5514c037d4,be619e19-012e-44f7-9628-2c46cf0dd2d5,usage unavailable,,local_stream_candidate_watchdog_timeout,30001,,,
c8ddbd91-e456-4574-800c-e67df4718c4a,086ee5b9-663a-4d48-bcd4-ba7af02a32b4,usage unavailable,,local_stream_candidate_watchdog_timeout,30002,,,
928c229d-cdd6-426e-b51d-aa5514c037d4,4ed09d64-f8da-448f-ad88-67b9e183b5ed,usage unavailable,,local_stream_candidate_watchdog_timeout,30002,,,
c8ddbd91-e456-4574-800c-e67df4718c4a,f0de7dee-0401-4fe1-bfc8-c5b9e3f5fa65,usage unavailable,,local_stream_candidate_watchdog_timeout,30002,,,
3c40ed13-2740-4e4c-ae89-6a4ca5e4b9dd,12364e74-0390-4b8a-985a-96dbeb6e536b,usage unavailable,,local_stream_candidate_watchdog_timeout,30003,,,
87c4ca1c-b7b8-43cf-86c7-a4bbddd0580b,fce85518-0a86-4626-8aee-ea1082a66d01,usage unavailable,,local_stream_candidate_watchdog_timeout,30002,,,
576a84d4-0433-4892-95b9-4008964c5ae5,92842c3b-c4ae-4523-8701-a339d04dd44b,usage unavailable,,local_stream_candidate_watchdog_timeout,30002,,,
87c4ca1c-b7b8-43cf-86c7-a4bbddd0580b,4a479eca-25e2-4c01-9ca0-637032423457,usage unavailable,,local_stream_candidate_watchdog_timeout,30002,,,
c5a16785-458c-45f9-ab49-17d3a4e88058,5bc70a29-1feb-4e37-8b01-03c48cfaaf06,usage unavailable,,local_stream_candidate_watchdog_timeout,30002,,,
c5a16785-458c-45f9-ab49-17d3a4e88058,1d8a35ab-d06e-4c48-899e-476a626cfa80,usage unavailable,,local_stream_candidate_watchdog_timeout,30001,,,
4298da60-d931-4dd3-b831-d5d0b3dae421,02a271a4-c862-4d90-b0f6-edc9c9d96dea,usage unavailable,,local_stream_candidate_watchdog_timeout,30000,,,
a8a6b734-9eb1-4d7f-aff9-cb32bec864a1,b6c7956c-686c-4581-8c50-6f8e993aa0b8,usage unavailable,,local_stream_candidate_watchdog_timeout,30002,,,
e8cd76db-60cb-4c58-aa0e-16884d524a5b,39afe570-08c1-45a1-a441-ad94630742e6,usage unavailable,,local_stream_candidate_watchdog_timeout,30000,,,
e8cd76db-60cb-4c58-aa0e-16884d524a5b,e7487087-ad1b-4cb0-b09c-6e6164e321bd,usage unavailable,,local_stream_candidate_watchdog_timeout,30001,,,
8815591f-7b63-446f-af3b-6245e135fbd8,6de36665-b483-4555-bb17-c9cc9f590ea3,usage unavailable,,local_stream_candidate_watchdog_timeout,30001,,,
d0f55d5c-5f3b-4aca-8614-de570fba1796,7ee67c9c-f5da-4538-a163-187e4c4921be,usage unavailable,,local_stream_candidate_watchdog_timeout,30000,,,
ee783746-00f8-49fa-ac5c-d6172a197535,af57ef11-90ca-4557-85d1-8ee7b7b845ed,usage unavailable,,local_stream_candidate_watchdog_timeout,30001,,,
5cc9ac39-1841-440b-8b6f-951d0d892206,8e64d03b-ed3a-482d-9c3f-68c78edd69ea,usage unavailable,,local_stream_candidate_watchdog_timeout,30001,,,
dcff10b6-9b26-424f-aee4-8e91e1537124,d832949d-6720-469a-a242-2c86d58838eb,usage unavailable,,local_stream_candidate_watchdog_timeout,30002,,,
0b65f3d1-ccf7-4423-8e12-453c8a8268a4,e31192d7-27d3-435f-92dd-08f306a685fe,usage unavailable,,local_stream_candidate_watchdog_timeout,30002,,,
5cc9ac39-1841-440b-8b6f-951d0d892206,98b4e808-e761-4aa3-997c-78bd83bc115c,usage unavailable,,local_stream_candidate_watchdog_timeout,30002,,,
9a499503-6a59-474a-af80-2386338d250a,e2601c90-844c-4c47-bb6d-072de9afa947,usage unavailable,,local_stream_candidate_watchdog_timeout,30001,,,
f40d4cd8-7810-488c-9939-8f10e4b9d277,1f99f24f-64e3-491b-b7bc-772f213ce462,usage unavailable,,local_stream_candidate_watchdog_timeout,30001,,,
891f545b-6698-41f0-bf95-4ac7780ead18,433863e9-aef1-4c70-a4da-7bec9f14c39d,usage unavailable,,local_stream_candidate_watchdog_timeout,30003,29898,200,aether-gateway.2026-09-10.log:9640
3d4edc5a-e9db-46f9-b56d-b6a2e711ea35,5d375866-d244-4ed0-9520-5e8341aa5782,usage unavailable,,local_stream_candidate_watchdog_timeout,30001,,,
a01d001d-7d92-40e6-83e8-2e05ec8785f1,4d010286-3428-4f63-b45f-111c3ca56fb7,usage unavailable,,local_stream_candidate_watchdog_timeout,30003,,,
d2064a7c-0250-40da-9d64-1ac4a7ad2e7a,da2ee21e-510a-49aa-9dcf-733de6683134,usage unavailable,,local_stream_candidate_watchdog_timeout,30003,,,
5c5677ca-a3e4-4f23-805c-bd1ba9324d54,7a4ff0e8-2751-40ad-951c-a597667d4501,usage unavailable,,local_stream_candidate_watchdog_timeout,30003,,,
5d400c7f-30b1-499f-8f6b-ca333cb82aa7,ae7a6fb5-e37c-4864-8593-ab8c504c2fe5,usage unavailable,,local_stream_candidate_watchdog_timeout,30001,,,
c3aa9074-e00e-4438-a954-76eb98242687,3a3f6d81-cf63-4cae-b075-e3c7f16bd9fc,usage unavailable,,local_stream_candidate_watchdog_timeout,30002,,,
00a42d2b-7c9c-40d3-b018-0acb410fba6b,273160a8-60fc-408b-a7f6-305b3c20b980,usage unavailable,,local_stream_candidate_watchdog_timeout,30001,,,
f2636076-2de8-41c6-bb6b-a48d1cd5dfb7,336fff6c-55d9-40f4-82a5-0b08a571940b,usage unavailable,,local_stream_candidate_watchdog_timeout,30002,,,
226f506b-fe77-4cfd-851f-46a6b18eb431,87c26bf7-7a4a-48f6-a1a0-6e2a90186866,usage unavailable,,local_stream_candidate_watchdog_timeout,30002,,,
dcb69c03-58e1-465d-a4a3-52e3c51c5aab,253b3124-146d-40f7-9bcd-f5cd00313cd3,usage unavailable,,local_stream_candidate_watchdog_timeout,30001,,,
300b0234-93be-4cc6-bad2-a121c95ee8f5,1943945b-0012-47f4-bf8a-77f8fdb7fcaf,usage unavailable,,local_stream_candidate_watchdog_timeout,30002,,,
8145b259-e083-4030-a4e0-057ef00e84f1,9caa7dcd-bef3-424c-a199-04836cf1f518,usage unavailable,,local_stream_candidate_watchdog_timeout,30004,,,
d8dc5b51-8957-48f2-9d90-26c6c735ded2,b3728199-8742-4d54-9513-73ef1008aec5,usage unavailable,,local_stream_candidate_watchdog_timeout,30002,,,
3a360b59-76bb-4e8d-9b2b-38a0fa25a5fa,5721759f-fb2d-4b91-8507-b8123dd4086b,usage unavailable,,local_stream_candidate_watchdog_timeout,30002,,,
f9d1715f-7336-42d7-bef8-688fc240a51f,8bf1f2cd-f925-4245-8269-73de1ca766ea,usage unavailable,,local_stream_candidate_watchdog_timeout,30001,,,
f9d1715f-7336-42d7-bef8-688fc240a51f,61ad5a6e-802a-414f-be84-c3dc095c4f92,usage unavailable,,local_stream_candidate_watchdog_timeout,30002,,,
e8295298-8717-413d-876b-76386ecd3ecb,b5151d0c-932b-4142-96fd-13e09d972332,usage unavailable,,local_stream_candidate_watchdog_timeout,30002,,,
9362f97f-f8cb-436f-ab80-5a5a8301105d,f44deec3-9128-4837-8bd3-8c68fc060c84,usage unavailable,,local_stream_candidate_watchdog_timeout,30002,,,
e8295298-8717-413d-876b-76386ecd3ecb,6c5f3f2f-d77d-4ae8-9a50-8a2efd279340,usage unavailable,,local_stream_candidate_watchdog_timeout,30002,,,
9362f97f-f8cb-436f-ab80-5a5a8301105d,19c45c14-8405-41be-bf30-a2ce99b8a2d0,usage unavailable,,local_stream_candidate_watchdog_timeout,30002,,,
5aadaaaf-2e59-4bfc-b2ff-f39f457e7c81,eabf6ecb-41b8-4083-8a37-2432ab7b7ce3,usage unavailable,,local_stream_candidate_watchdog_timeout,30001,,,
edbcb9f2-17a9-4dd0-8ff3-bfe9985cd0e3,82510c3c-6617-451c-b824-23fc41fc4bc7,usage unavailable,,local_stream_candidate_watchdog_timeout,30000,,,
edbcb9f2-17a9-4dd0-8ff3-bfe9985cd0e3,cd7f07fa-4b8c-4297-a396-56cf6b4d73b4,usage unavailable,,local_stream_candidate_watchdog_timeout,30001,,,
40cd6830-0c89-4421-be58-9455c8732b5e,dead3d95-7ad7-4e93-b9dc-a8673bd52bf8,usage unavailable,,local_stream_candidate_watchdog_timeout,30002,,,
caa6d7da-777a-44cf-9ba8-5292bb548438,01698f08-41cc-4d50-92da-9af5ed8c8aba,usage unavailable,,local_stream_candidate_watchdog_timeout,30002,,,
40cd6830-0c89-4421-be58-9455c8732b5e,cd501421-c97d-49d0-af2a-e0ae973b1fe2,usage unavailable,,local_stream_candidate_watchdog_timeout,30001,,,
7b680b42-93ab-49b9-8bd3-03aeb4cc53da,675c0951-fd46-4134-980a-87066ccd76d0,usage unavailable,,local_stream_candidate_watchdog_timeout,30001,,,
caa6d7da-777a-44cf-9ba8-5292bb548438,8a4bd0fb-7fc8-4589-a34f-77bfa15d1653,usage unavailable,,local_stream_candidate_watchdog_timeout,30001,,,
8f64e7c1-c70b-43c7-8b19-99672779f090,913c81d6-5735-4a4d-947a-b65aeb5016e7,usage unavailable,,local_stream_candidate_watchdog_timeout,30003,,,
1fda7af3-e669-4b49-907e-36df9864ebe4,642a1121-9bad-4d9c-99f3-46c02052e6e8,usage unavailable,,local_stream_candidate_watchdog_timeout,30001,,,
a7dc5d63-40ee-463f-aa7e-ec7b76235eed,34baf608-1539-4ffe-8575-0c20556c2b31,usage unavailable,,local_stream_candidate_watchdog_timeout,30000,,,
1fda7af3-e669-4b49-907e-36df9864ebe4,dbb1b094-a5dd-4dc0-8b70-74890ae22e3d,usage unavailable,,local_stream_candidate_watchdog_timeout,30001,,,
a25aa261-c82a-4d58-ba5c-a1eeae57abbb,0e898880-15ab-432d-ad06-bc95b9e85d7d,usage unavailable,,local_stream_candidate_watchdog_timeout,30002,,,
a7dc5d63-40ee-463f-aa7e-ec7b76235eed,0d478a25-0e57-400a-9842-ec762f65c45c,usage unavailable,,local_stream_candidate_watchdog_timeout,30002,,,
0ff4e879-acaa-40ff-8379-387619ba7133,5527901c-0a52-4fd1-8d77-b2c9921feb8c,usage unavailable,,local_stream_candidate_watchdog_timeout,30001,,,
34514317-0450-4576-b2e0-1b15e4f8757a,976d1bb3-ee53-453c-a8fa-88d6f3eb75a0,usage unavailable,,local_stream_candidate_watchdog_timeout,30000,,,
6b0f0ef1-a837-4267-b5e5-2e27e136b231,c3d6b3d5-a534-43bc-845c-fd4804923638,usage unavailable,,local_stream_candidate_watchdog_timeout,30002,,,
68fef0f6-ccac-426b-8cc1-437f6e04b683,8eddb054-484c-4867-b8fc-0235a04e0e80,usage unavailable,,local_stream_candidate_watchdog_timeout,30000,,,
68fef0f6-ccac-426b-8cc1-437f6e04b683,1a3b9c54-91d1-4fc5-9197-3f81ac8e1299,usage unavailable,,local_stream_candidate_watchdog_timeout,30001,,,
45c208da-5a43-4201-a4d0-1a8fe387cff7,fc04461d-8b1c-4913-b1a0-532d66043203,usage unavailable,,local_stream_candidate_watchdog_timeout,30002,,,
1acf071e-b925-497e-a0a3-022a04d241a8,a73c8197-1a22-4b29-b6b1-a3acb0839a9c,usage unavailable,,local_stream_candidate_watchdog_timeout,30001,,,
a185f8a0-76ec-4805-863a-6cdecc05e810,1d1335a1-8fa7-4620-bf4e-3915e680d4b8,usage unavailable,,local_stream_candidate_watchdog_timeout,30000,,,
cc14479f-36ba-4eb2-85d0-87d84585dc53,5b8e08ec-0efa-4a92-9efa-f0c23e426b90,usage unavailable,,local_stream_candidate_watchdog_timeout,30002,,,
069f5e65-09b9-410e-af8b-16f0f930ee51,c16959a2-fbec-424f-8582-d4d7d2f44591,usage unavailable,,local_stream_candidate_watchdog_timeout,30001,,,
1275356d-119a-4c76-b4e0-085979d30aee,6e013b1d-aa65-423f-a38c-a01aaf30cc10,usage unavailable,,local_stream_candidate_watchdog_timeout,30001,,,
4e076255-e615-41bf-a4cb-397f7ba54a28,5619dbee-4352-40b0-bec4-a7981d048406,usage unavailable,,local_stream_candidate_watchdog_timeout,30001,,,
3f4766a1-f263-43fc-b49f-aca22141ef7e,878ff13f-01c5-48fe-a9ab-ea04592bae93,usage unavailable,,local_stream_candidate_watchdog_timeout,30001,,,
09cba93f-81b7-416a-9bfa-db1f8be6ea0c,a08e57b2-1d97-4447-bde9-b731abcb4e74,usage unavailable,,local_stream_candidate_watchdog_timeout,30001,,,
4e076255-e615-41bf-a4cb-397f7ba54a28,7fc7c78f-2f34-4a85-8754-eb2247884953,usage unavailable,,local_stream_candidate_watchdog_timeout,30000,,,
1275356d-119a-4c76-b4e0-085979d30aee,3acc72e1-5bc7-4702-a057-f8a87ab963d0,usage unavailable,,local_stream_candidate_watchdog_timeout,30001,,,
3f4766a1-f263-43fc-b49f-aca22141ef7e,d562dfb9-9174-4a97-b3f4-72fafebb2e19,usage unavailable,,local_stream_candidate_watchdog_timeout,30001,,,
09cba93f-81b7-416a-9bfa-db1f8be6ea0c,67b92a3b-7109-47de-a106-2c2d75012b72,usage unavailable,,local_stream_candidate_watchdog_timeout,30002,,,
b81eb332-6fcd-4691-9fd7-97be69b3928d,cc931208-b9e3-4985-aa7e-e72a0bd55276,usage unavailable,,local_stream_candidate_watchdog_timeout,30001,,,
5d9ffb69-29c2-44c5-bfd1-6528ea3451ad,c70dec38-42a7-4443-8373-6bfccefb7294,usage unavailable,,local_stream_candidate_watchdog_timeout,30001,,,
50318056-e478-4dfa-8161-e8abab7423e8,fd22f183-f8aa-4406-8dad-156f3e6c36f6,usage unavailable,,local_stream_candidate_watchdog_timeout,30002,,,
8b520fed-f62d-4f25-9aac-cf5f26069676,df97981f-69d6-4080-8e0a-d85593bda71d,usage unavailable,,local_stream_candidate_watchdog_timeout,30016,,,
d6f909de-cca1-48af-9c35-f374bdba95eb,c08761b0-ab5b-41f5-aa1b-7648c3b08bae,usage unavailable,,local_stream_candidate_watchdog_timeout,30001,,,
22a745be-082f-4dc2-96ff-5bc171ec864c,135f3d1b-aaa4-4087-9a56-773145a36f88,usage unavailable,,local_stream_candidate_watchdog_timeout,30002,,,
7afc79f4-a8a6-40b1-9c83-1679a7e6812f,4eed1a46-5e1e-4f61-a41c-6dc2e3076633,usage unavailable,,local_stream_candidate_watchdog_timeout,30001,,,
22a745be-082f-4dc2-96ff-5bc171ec864c,c64e0274-79de-4301-adf9-db68cb0776bc,usage unavailable,,local_stream_candidate_watchdog_timeout,30002,,,
80293643-cf68-42fd-a2d3-3664d37a0dbc,7cb10e40-4b00-4278-9f48-1286916d8853,usage unavailable,,local_stream_candidate_watchdog_timeout,30002,,,
7afc79f4-a8a6-40b1-9c83-1679a7e6812f,17bf8e46-582b-40b8-bacf-5bd82020576b,usage unavailable,,local_stream_candidate_watchdog_timeout,30002,,,
5663d4af-a5d7-4574-b91c-1ec1b24fa5ff,9d74c07f-15fa-4e6a-9292-98b78705d433,usage unavailable,,local_stream_candidate_watchdog_timeout,30001,,,
21776418-f566-4191-bf68-dd6ef12d1638,f80f0f39-8aa5-42a2-83e6-702ce0991057,usage unavailable,,local_stream_candidate_watchdog_timeout,30002,,,
9bbc3c8a-e979-4f04-9619-3f778abd5989,58dd252a-2f31-4b96-b6c3-1f6271003fb7,usage unavailable,,local_stream_candidate_watchdog_timeout,30003,,,
5663d4af-a5d7-4574-b91c-1ec1b24fa5ff,30cdba28-6dbc-4577-b2c2-8adb225a13cb,usage unavailable,,local_stream_candidate_watchdog_timeout,30001,,,
21776418-f566-4191-bf68-dd6ef12d1638,58694322-0060-4803-bd9a-68ecd21bd5e2,usage unavailable,,local_stream_candidate_watchdog_timeout,30001,,,
9bbc3c8a-e979-4f04-9619-3f778abd5989,0308473d-3ce5-431e-97eb-27a6ff4b72b4,usage unavailable,,local_stream_candidate_watchdog_timeout,30001,,,
1234d88a-faee-4320-b494-73fdb7294ed5,9f3b12d5-7147-4bfd-adc2-ae8c98558cb4,usage unavailable,,local_stream_candidate_watchdog_timeout,30002,,,
8a607c9d-fd3a-4e76-a20a-182a6edb5b2f,b4b869c5-b378-42e0-b72e-af15d770905a,usage unavailable,,local_stream_candidate_watchdog_timeout,30002,,,
15f8f172-3e40-4880-b88f-2b49fe08787c,1e6c9b60-a7c7-48b4-a692-7d4ec7f7ab8d,usage unavailable,,local_stream_candidate_watchdog_timeout,30002,,,
52d0a715-3e80-4e38-af28-b717761499b5,f1a962d1-974d-4662-8a7e-06e2aab86973,usage unavailable,,local_stream_candidate_watchdog_timeout,30002,,,
1234d88a-faee-4320-b494-73fdb7294ed5,e7b956a3-1871-4f90-a0f6-b25312279714,usage unavailable,,local_stream_candidate_watchdog_timeout,30001,,,
acc4ff18-7a38-42bf-9a87-1372ef530bed,03d1b956-6794-4578-82af-519fc233f643,usage unavailable,,local_stream_candidate_watchdog_timeout,30002,,,
4baed97e-d85a-4f8e-af47-a4fbf8607156,36dcc029-436c-4aa6-8d26-0a979843ff96,usage unavailable,,local_stream_candidate_watchdog_timeout,30002,,,
4fc1104f-0061-4e3e-89de-c25396f6d4dd,5401ae7c-3c0c-43a7-8037-411f2ba380ae,usage unavailable,,local_stream_candidate_watchdog_timeout,30001,,,
02848021-1a23-4a86-9020-9f75cc153068,f30b7dc1-689f-43c2-9e90-62317279de54,usage unavailable,,local_stream_candidate_watchdog_timeout,30001,,,
c4749084-ba5b-43cb-8c0b-fee1756febd1,bb4972c2-efc0-427f-89f5-5bc0f5b7f601,usage unavailable,,local_stream_candidate_watchdog_timeout,30002,,,
4613ed12-7d2d-415d-975a-29b35b536936,4fd9d787-13ed-40cd-9caf-ac958ac879b0,usage unavailable,,local_stream_candidate_watchdog_timeout,30001,,,
4613ed12-7d2d-415d-975a-29b35b536936,4fa4df09-c3a3-4e0c-921a-ef42026f4088,usage unavailable,,local_stream_candidate_watchdog_timeout,30002,,,
d77656e9-0a33-4c4d-836f-694b898ad6ef,4509a18c-e9f4-48bd-9533-81a86aab29cb,usage unavailable,,local_stream_candidate_watchdog_timeout,30001,,,
5076a05f-b33c-4a10-9980-c6f1b601c281,14351442-a749-4411-948f-bd078300a804,usage unavailable,,local_stream_candidate_watchdog_timeout,30002,,,
6abd905c-2915-46cd-89f3-8bf3c9bf95fc,e1c94b05-b222-4296-8056-7df97d4dc9ec,usage unavailable,,local_stream_candidate_watchdog_timeout,30002,,,
4df20501-78b9-40e7-947f-101f0f057769,b778fd81-f63b-465e-9723-a720ba95c599,usage unavailable,,local_stream_candidate_watchdog_timeout,30001,,,
6abd905c-2915-46cd-89f3-8bf3c9bf95fc,61061646-34b2-4dd5-b933-d755fc0e1626,usage unavailable,,local_stream_candidate_watchdog_timeout,30001,,,
a64767f3-99c1-4d92-abba-eff90e6ecc61,39be8586-fd83-4996-a215-44c7564811f9,usage unavailable,,local_stream_candidate_watchdog_timeout,30000,,,
3a016572-c93b-4ed5-a1be-17d735ffc1d3,89e072d7-70d9-44c0-8a88-ac860b35f444,usage unavailable,,local_stream_candidate_watchdog_timeout,30002,,,
1edab5db-ff09-436e-baa9-6ce7e5ee5fd9,3535f11a-6c85-465b-afd6-a344f7759650,usage unavailable,,local_stream_candidate_watchdog_timeout,30002,,,
cb8ec34a-b8b5-4454-b306-9705787b7f86,a2eaae0e-11e6-4ef9-b633-d52dab0e1d59,usage unavailable,,local_stream_candidate_watchdog_timeout,30001,,,
6b696039-7c15-4413-b844-7684b685b7ce,67ee9e10-4712-4328-87ca-98fd6b3ca0aa,usage unavailable,,local_stream_candidate_watchdog_timeout,30000,,,
4bb3f537-c312-4d86-802f-078f941f17e1,7a1e30b2-68b5-4ee8-8048-77d24ae8c5ed,usage unavailable,,local_stream_candidate_watchdog_timeout,30002,,,
305c2475-33c2-4f04-85a6-886ab28e54dc,d7aff4c1-53ca-4af2-a693-8b4c623fe18e,usage unavailable,,local_stream_candidate_watchdog_timeout,30002,,,
e2b6fe90-21b1-415f-b4a1-f632d998a4a4,10f96fda-808e-420c-a532-5bfea3b90e23,usage unavailable,,local_stream_candidate_watchdog_timeout,30002,,,
c2ef31b4-c1b6-4c01-8ccb-d99803381b7b,2e4fe245-23fd-47ea-be5f-b0679b233732,usage unavailable,,local_stream_candidate_watchdog_timeout,30002,,,
fd1df4d5-d6d5-47f4-8469-716c53d1e009,f08b43db-f812-4b18-b3e8-383af28dd217,usage unavailable,,local_stream_candidate_watchdog_timeout,30002,,,
a2d43432-4d87-4e3d-9ab4-f2b8ab7bf147,bafb48e1-661e-4314-beaf-b0c4c814ef39,usage unavailable,,local_stream_candidate_watchdog_timeout,30002,,,
f96b62d6-7012-4457-9bb2-fbce853c375f,f3453f63-b0f9-4eeb-8c21-68c05d7ecdf7,usage unavailable,,local_stream_candidate_watchdog_timeout,30001,,,
034f79ab-d5fb-4658-9be5-12b77e233059,b792fbbc-bb85-4055-a192-ead083eaf868,usage unavailable,,local_stream_candidate_watchdog_timeout,30001,,,
934da3ba-519e-4d43-ada7-478b8bb12c13,1005d509-8b96-4f21-b941-fb98976f3f4e,usage unavailable,,local_stream_candidate_watchdog_timeout,30002,,,
995f5da4-0d43-407a-84ea-d541d3ee54d9,d550985d-9d0a-4e6f-ab85-ba600f512cf0,usage unavailable,,local_stream_candidate_watchdog_timeout,30001,,,
8341644e-43eb-4b06-b981-3b4838e0244c,a4aa1a0d-baf3-40a3-8791-e32bbf1f72a5,usage unavailable,,local_stream_candidate_watchdog_timeout,30001,,,
17c12251-5af5-40c1-9499-77926f0ba59a,761866a9-3272-4894-9955-fdcef3724394,usage unavailable,,local_stream_candidate_watchdog_timeout,30002,,,
e614468a-be64-4a14-a993-43a9202f9488,406eaafa-cea9-44d2-b162-1fb68be87908,usage unavailable,,local_stream_candidate_watchdog_timeout,30001,,,
49a7e83b-278d-44ce-b42b-f7f4a07a9a78,bbecaa26-a538-4778-994c-d74db6a44b04,usage unavailable,,local_stream_candidate_watchdog_timeout,30002,,,
1638a616-78c6-4b83-b133-8d36332a7d97,cd18dfb1-0749-4900-912f-cad93dd188ee,usage unavailable,,local_stream_candidate_watchdog_timeout,30001,,,
1638a616-78c6-4b83-b133-8d36332a7d97,ba9d0a9d-f5f2-4731-97e8-162191bea112,usage unavailable,,local_stream_candidate_watchdog_timeout,30000,,,
00579c01-9fdd-47eb-9085-e857d27f772b,0c9d845d-135e-43f8-857a-b80a9304afb8,usage unavailable,,local_stream_candidate_watchdog_timeout,30002,,,
4965aef7-5e18-4774-aebf-6a356e7bb566,9b9ddde1-c8cb-4e13-976e-82ac8d1fe3d3,usage unavailable,,local_stream_candidate_watchdog_timeout,30003,,,
616cec9a-49bb-42d5-8936-8ed0e9cc40a4,df31cce8-e3d0-4947-9faf-b1abc0f60b5d,usage unavailable,,local_stream_candidate_watchdog_timeout,30003,,,
6f22ddd9-0461-4a36-b86b-e152a8d5058c,90327b52-7c7a-41d9-ad88-02f0b845aa5a,usage unavailable,,local_stream_candidate_watchdog_timeout,30003,,,
616cec9a-49bb-42d5-8936-8ed0e9cc40a4,ec4ecff5-1f29-499c-af63-8926565184bd,usage unavailable,,local_stream_candidate_watchdog_timeout,30003,,,
616cec9a-49bb-42d5-8936-8ed0e9cc40a4,8f8a5848-69fb-4e38-a9a3-d1654378bd47,usage unavailable,,local_stream_candidate_watchdog_timeout,30003,,,
feeaae83-8ba1-4262-8d39-84ebf9f479b4,1ffbbd6f-6b09-43d6-b42c-9ac0e4ae5e76,usage unavailable,,local_stream_candidate_watchdog_timeout,30003,,,
76ed17e3-94b7-4682-a951-8a680d23870a,046534db-d415-44a4-a907-ecda0471b988,usage unavailable,,local_stream_candidate_watchdog_timeout,30001,,,
feeaae83-8ba1-4262-8d39-84ebf9f479b4,e4e9fc9e-6b0c-45b6-a3bb-3f7b148551fe,usage unavailable,,local_stream_candidate_watchdog_timeout,30002,,,
76ed17e3-94b7-4682-a951-8a680d23870a,f6b1f0a2-7100-488c-8ed3-e4e7d24b74fa,usage unavailable,,local_stream_candidate_watchdog_timeout,30003,,,
f675ea62-c945-4869-b30c-3ed12fd60854,1570ee3e-a743-468b-a43f-57da5f628b06,usage unavailable,,local_stream_candidate_watchdog_timeout,30002,,,
2515a2b2-4341-4efa-b103-313b38d6a555,e752353f-97de-4fc2-8dd4-7f278a19b052,usage unavailable,,local_stream_candidate_watchdog_timeout,30003,,,
3b53a75b-54ed-48fb-8a45-4cc3fd98e704,96f58b53-8d86-4000-b1f4-2b3029448a2d,usage unavailable,,local_stream_candidate_watchdog_timeout,30002,,,
3699eb0e-c371-42ab-828f-8c71d46afbbd,3f02cc01-4335-4ec0-9d1c-e5cd880bb9a9,usage unavailable,,local_stream_candidate_watchdog_timeout,30003,,,
d661037b-0793-40f1-9532-2760b10b1dbe,21dd9b87-e099-46ae-9e8e-c1f92af98fdb,usage unavailable,,local_stream_candidate_watchdog_timeout,30002,,,
3699eb0e-c371-42ab-828f-8c71d46afbbd,5639128a-e9e9-4097-a124-708f54fef236,usage unavailable,,local_stream_candidate_watchdog_timeout,30003,,,
d661037b-0793-40f1-9532-2760b10b1dbe,b28e1ddb-9a58-43a1-976d-80fc5215c035,usage unavailable,,local_stream_candidate_watchdog_timeout,30001,,,
1043c8d3-5ac9-4b80-b0d2-d2441bfee123,dee1ea1e-99ea-48ca-9bd3-2204b1d9eebe,usage unavailable,,local_stream_candidate_watchdog_timeout,30002,,,
3ede4dbe-f2f3-45bb-b7db-d0dff2efa94d,6cd67193-f8d9-4cdc-8980-eff0b52d670f,usage unavailable,,local_stream_candidate_watchdog_timeout,30002,,,
35e586c3-d921-45a5-96c2-bdafa1bd987e,c542f857-b90a-4500-9cfb-362f3f5ad81b,usage unavailable,,local_stream_candidate_watchdog_timeout,30002,,,
b2816ca4-0928-44c0-9ce3-b85e3cd777d4,f1cecaf8-0f8c-4cee-926a-1b5695c8c4e4,usage unavailable,,local_stream_candidate_watchdog_timeout,30002,,,
f5d8c6b1-90b9-473a-8a55-d5d262f0c1be,5d80e99e-d403-4464-b91d-555cd0daf33d,usage unavailable,,local_stream_candidate_watchdog_timeout,30002,,,
f5d8c6b1-90b9-473a-8a55-d5d262f0c1be,9d6949aa-1fd1-4ea9-b01e-5be8c1fa1913,usage unavailable,,local_stream_candidate_watchdog_timeout,30003,,,
de9603a3-ecec-41a8-a3ae-77e58e9fc025,93fe407b-4210-4aba-8e70-bc3d1afe27ad,usage unavailable,,local_stream_candidate_watchdog_timeout,30002,,,
e55a283c-715e-4953-b615-5eba885a7694,62cd6ae1-ee2d-4a20-9168-a42809930995,usage unavailable,,upstream_error,367353,8137,200,aether-gateway.2026-09-10.log:14759
8f989d23-ba02-4c12-b339-af9942b4b842,bdaf3040-8cdf-4e5e-9599-33f46a574131,usage unavailable,,local_stream_candidate_watchdog_timeout,30003,,,
575bb41b-35e1-4d3e-87b9-b60c05b2b96a,9404bf4e-5484-4ea4-b928-47eca00fb7d1,usage unavailable,,local_stream_candidate_watchdog_timeout,30004,,,
96d3ef51-e5cb-4c72-afeb-6acfebf7a53c,55897bdd-226a-4457-8dcf-8d14e2d2f4b1,usage unavailable,,local_stream_candidate_watchdog_timeout,30000,,,
9012ae34-001a-480e-bf1c-53497470f44a,5b0a0793-bc69-4487-835b-acebda8a0395,usage unavailable,,local_stream_candidate_watchdog_timeout,30003,,,
d2a3ce7e-beac-4094-b814-64f4a23f60a2,99cad20a-656b-41b1-a2b1-48adc57cea87,usage unavailable,,local_stream_candidate_watchdog_timeout,30003,,,
18903200-1780-4e97-87c3-f514ae7cc1ad,e5f194bf-6530-4929-89f1-f899eb15bbd3,usage unavailable,,local_stream_candidate_watchdog_timeout,30002,,,
18903200-1780-4e97-87c3-f514ae7cc1ad,77905ad6-ced1-40f4-8287-ab12180b1345,usage unavailable,,local_stream_candidate_watchdog_timeout,30003,,,
e47be8a4-4ed5-4764-af05-c7c2e5a109d6,aa40c205-7d08-4bf7-ab18-8653df114e4a,usage unavailable,,local_stream_candidate_watchdog_timeout,30001,,,
cb588aed-2f83-41c8-954c-fe32de33ef57,756a05fd-d139-43e4-a4fc-ce7b087a4cb1,usage unavailable,,local_stream_candidate_watchdog_timeout,30002,,,
a23cc410-6b51-4e05-b0cd-8030cfded658,1f180cd9-e875-419f-a8eb-f45c6ce3ebd1,usage unavailable,,local_stream_candidate_watchdog_timeout,30001,,,
e47be8a4-4ed5-4764-af05-c7c2e5a109d6,5484342a-4dfd-4141-ac0b-9081f7918cc1,usage unavailable,,local_stream_candidate_watchdog_timeout,30001,,,
cb588aed-2f83-41c8-954c-fe32de33ef57,6f7a3b1c-55e5-468b-a947-442fc933a6db,usage unavailable,,local_stream_candidate_watchdog_timeout,30002,,,
a23cc410-6b51-4e05-b0cd-8030cfded658,9c00709e-a49b-491a-b841-ea031496ef1e,usage unavailable,,local_stream_candidate_watchdog_timeout,30001,,,
d2d19712-5f02-4698-893e-19b00dc24330,a0952679-ad92-483d-84f2-f87f66ea7bf1,usage unavailable,,local_stream_candidate_watchdog_timeout,30002,,,
4fd0ec13-1b7e-4026-aaff-73ef658b6b1d,9508f34e-3be3-4333-a3d7-46114272da89,usage unavailable,,local_stream_candidate_watchdog_timeout,30002,,,
a5df1851-da4e-4ecb-a8bb-9a32574b01ad,57c858a2-4148-450b-a06d-61232bc9e026,usage unavailable,,local_stream_candidate_watchdog_timeout,30002,,,
d2d19712-5f02-4698-893e-19b00dc24330,0664cc9a-4597-4e46-a102-87eebe0eefcb,usage unavailable,,local_stream_candidate_watchdog_timeout,30003,,,
4fd0ec13-1b7e-4026-aaff-73ef658b6b1d,6bd3de9d-d2ac-406d-af6a-fc8131ffb5b2,usage unavailable,,local_stream_candidate_watchdog_timeout,30003,,,
d7518941-195e-46b9-be86-4cafd4a2d84e,df50214f-83d6-4cb5-91df-742de05e9021,usage unavailable,,local_stream_candidate_watchdog_timeout,30003,,,
b9360bdc-ad28-451a-9cca-0946f8f6f3f6,c38782b4-7cf4-4039-9f2a-0e50b8331247,usage unavailable,,local_stream_candidate_watchdog_timeout,30001,,,
ad6a7f3a-81cf-4822-85b8-286fcdc3b4cf,24164cb6-c710-4a3f-b572-10d03cd9bfa3,usage unavailable,,local_stream_candidate_watchdog_timeout,30000,,,
5193b092-ee31-4586-b363-0da5fd701e70,1470d9a7-3ae2-4721-adf4-ea4c4f8c9fe7,usage unavailable,,local_stream_candidate_watchdog_timeout,30002,,,
d7518941-195e-46b9-be86-4cafd4a2d84e,cdc481c4-0b41-4fe5-8b6b-3fb8ab14763e,usage unavailable,,local_stream_candidate_watchdog_timeout,30002,,,
b9360bdc-ad28-451a-9cca-0946f8f6f3f6,82278ecf-d6c9-4183-8da9-631c3d52a219,usage unavailable,,local_stream_candidate_watchdog_timeout,30001,,,
ad6a7f3a-81cf-4822-85b8-286fcdc3b4cf,389b74cc-4292-4b6f-8200-382164cdcedc,usage unavailable,,local_stream_candidate_watchdog_timeout,30002,,,
2d9b95ac-3476-4a95-a4f6-3673a031d162,ca0a5d37-5511-432f-807e-2ee88f4d13e4,usage unavailable,,local_stream_candidate_watchdog_timeout,30002,,,
95eb0674-1cea-4f16-b948-8977f814e214,803ea2cd-e312-4e44-b7d4-e71f56c93438,usage unavailable,,local_stream_candidate_watchdog_timeout,30001,,,
4b3308cf-5017-4685-9848-3e5393b21c2d,15fc8d92-b424-4ca6-bdfb-2636afca84b8,usage unavailable,,local_stream_candidate_watchdog_timeout,30002,,,
d07d41e0-9418-47a5-aa3e-8383c427cac0,2f0eb3b0-844e-4f65-8bb9-47f1a5bc2d6a,usage unavailable,,local_stream_candidate_watchdog_timeout,30001,,,
41a01ba1-08c4-436b-884e-7a634d43e4f9,cc55a5fa-e626-4cc9-884d-2bc5695bcfb0,usage unavailable,,local_stream_candidate_watchdog_timeout,30000,,,
3b63d3c0-6f23-496d-8093-b0227d44a9c9,33468408-bd44-4055-aded-5f3fd571068d,usage unavailable,,local_stream_candidate_watchdog_timeout,30003,,,
4cf6a503-67fa-4ff6-bd2e-a229fa57a985,f0b98bd3-68c2-4a88-a4ed-f5aa40cf6e72,usage unavailable,,local_stream_candidate_watchdog_timeout,30002,,,
22cc5cf9-840f-4a4e-94ed-ea47bcf392aa,ea1b0f3d-3d03-4477-b443-e0ab4dfac670,usage unavailable,,local_stream_candidate_watchdog_timeout,30002,,,
99eec47e-f272-47bf-979c-007e8d172ebc,e80e43a3-deef-4f12-986a-6000ef8c67bf,usage unavailable,,local_stream_candidate_watchdog_timeout,30001,,,
01237ae5-6701-42b3-836f-cced4bd7627e,076d997d-6544-488a-aa7b-4d1e3c74f9fd,usage unavailable,,local_stream_candidate_watchdog_timeout,30003,,,
8097c13d-5eba-47ef-a053-6b9b6c5b3a63,052053df-40fd-45ee-9952-300fae1ebc48,usage unavailable,,local_stream_candidate_watchdog_timeout,30001,,,
0070b87f-01f2-40fb-8523-3b38cb52865f,b8ab11f7-60ae-44bb-b60f-3599d256ac6c,usage unavailable,,local_stream_candidate_watchdog_timeout,30004,,,
2f63e3de-b9fc-4b1a-b14c-b4e833c7a8f1,c1289c50-4791-4b77-8bef-a68902811575,usage unavailable,,local_stream_candidate_watchdog_timeout,30002,,,
411e9ee1-d262-49e1-abfa-f369ed643e2f,d61c7216-56a3-42c5-b773-a7250363695b,usage unavailable,,local_stream_candidate_watchdog_timeout,30003,,,
37087a89-bba8-40d2-86b8-ad86d157eb17,f87c7bce-072c-48ce-bbd5-07c072ee3fc5,usage unavailable,,local_stream_candidate_watchdog_timeout,30003,,,
1ecbf7b2-1b84-4e5d-8800-0569ac647ffc,73021ff1-9986-4742-a5b7-5ab2351e7993,usage unavailable,,local_stream_candidate_watchdog_timeout,30002,,,
2f63e3de-b9fc-4b1a-b14c-b4e833c7a8f1,b1c022ce-d019-4c99-9941-1c8698135d06,usage unavailable,,local_stream_candidate_watchdog_timeout,30001,,,
a8380706-94a1-424b-bc54-d4d018fb5f9e,9a89b6ef-ec86-45be-af03-3235b322b0ee,usage unavailable,,local_stream_candidate_watchdog_timeout,30003,,,
c1f77207-af8a-472a-a46f-1aae43ad271e,e4ac5268-e7b3-4284-ad69-a02c68eeed20,usage unavailable,,local_stream_candidate_watchdog_timeout,30002,,,
bd3d46a6-e662-4c5a-988d-fe3c2818d8ad,791479b8-0f81-4124-b2bc-915d31d7faa8,usage unavailable,,local_stream_candidate_watchdog_timeout,30004,,,
644ff9a2-f5b4-480b-a51d-54cf6271f6c9,39fcbae9-0fb6-4bfe-99f5-94b0b24cee21,usage unavailable,,local_stream_candidate_watchdog_timeout,30002,,,
db8463a9-53fa-47ea-a7ae-b389f72b91b7,c4d409bf-bdc6-407d-9d59-573d8b58a964,usage unavailable,,local_stream_candidate_watchdog_timeout,30002,,,
b860a14c-2114-4b79-86a9-7d7517bf1491,cb1063f7-69c4-476c-af70-58a7c998dcdd,usage unavailable,,local_stream_candidate_watchdog_timeout,30002,,,
8fa48bfa-52d3-431d-bd7b-ae9b08c2a029,560ac892-7910-4e4d-99e8-a00a74163762,usage unavailable,,local_stream_candidate_watchdog_timeout,30003,,,
fb3e3d38-b81e-4283-a4ba-2428188505b9,0ce55d61-b8a9-442d-818a-abaa1797c41f,usage unavailable,,local_stream_candidate_watchdog_timeout,30001,,,
48d43e76-efc1-42cf-b9a0-0cfd9e3f6afe,67af1f23-1c16-473b-a89f-a93749f22bd7,usage unavailable,,local_stream_candidate_watchdog_timeout,30002,,,
34c668b0-c7dc-4079-a0c0-745851b9001b,697e397d-4e28-4a44-8e4e-cf1fbf2cfa8e,usage unavailable,,local_stream_candidate_watchdog_timeout,30002,,,
4b73191d-1234-426c-bfc8-08285fc1793c,a791b52a-a749-4541-9065-b1b0f0c8318f,usage unavailable,,local_stream_candidate_watchdog_timeout,30001,,,
6d8d44d5-6c2c-4e85-9ecd-1be5c749c1cc,d9673b4f-02b3-4e0a-b912-c378c765ab3f,usage unavailable,,local_stream_candidate_watchdog_timeout,30001,,,
3630f6cf-22a3-4ea0-a265-9928632e6679,3161a08b-953e-4193-8b3f-93a5fe15d28c,usage unavailable,,local_stream_candidate_watchdog_timeout,30003,,,
9cd75714-7048-4603-9b90-d4e2cf057be4,55ade328-1218-406e-aec9-66330d5a49b9,usage unavailable,,local_stream_candidate_watchdog_timeout,30002,,,
3630f6cf-22a3-4ea0-a265-9928632e6679,042e56df-8896-420c-9db7-77b0bfb5b766,usage unavailable,,local_stream_candidate_watchdog_timeout,30001,,,
b4d10653-02b2-4d29-907b-07e4c383a235,f617a7f8-ecff-4540-9032-dcbe3a93b66d,usage unavailable,,local_stream_candidate_watchdog_timeout,30001,,,
8f29f8af-4477-4660-bc5c-023f4bdd740a,003c5b05-9d78-47e0-9e27-ac429e5bf5b2,usage unavailable,,local_stream_candidate_watchdog_timeout,30004,,,
152c5cf7-0469-4471-a21a-d26d57bab369,52132300-4443-41a7-932a-8afbc68cfc9f,usage unavailable,,local_stream_candidate_watchdog_timeout,30001,,,
0c7837fd-ac93-455c-9d1c-4f99debd433b,d56d29ea-e7ba-4cbf-876a-69be96475672,usage unavailable,,local_stream_candidate_watchdog_timeout,30001,,,
b09f418e-0bc2-4058-a905-0a06b0353709,abbee13f-769a-42b0-97ed-1be540fb6e3d,usage unavailable,,local_stream_candidate_watchdog_timeout,30002,,,
c1ae4196-3676-45c2-bc7a-8e865450d6d8,c068418d-e7e2-4297-b702-bac627a87fae,usage unavailable,,local_stream_candidate_watchdog_timeout,30002,,,
94c896fb-9a31-4e6f-8838-2b9ef75de9f2,39c286ff-650f-49e0-988f-b3e0a1595d28,usage unavailable,,local_stream_candidate_watchdog_timeout,30003,,,
e3d95533-a975-49b8-a741-dac5943320c5,1bf208b1-00bc-4eb6-86eb-288dc342efc2,usage unavailable,,local_stream_candidate_watchdog_timeout,30003,,,
0cc70aa9-7b7a-44fa-8952-18dba82813e1,66c3ecf9-1f57-4c30-a433-14fa24cee9ed,usage unavailable,,local_stream_candidate_watchdog_timeout,30003,,,
d9ed48fd-5b67-47e8-b9d8-1bab885d6c89,e84ba863-561c-4f45-aa91-796a47ed0b28,usage unavailable,,local_stream_candidate_watchdog_timeout,30003,,,
aa42c8a4-2831-4c75-aa53-24a93abc83d3,60190782-1ef1-488a-ab18-598ee2ddff82,usage unavailable,,local_stream_candidate_watchdog_timeout,30002,,,
e3d95533-a975-49b8-a741-dac5943320c5,1fb1d086-8c2f-4a38-a0d8-9e274ef94165,usage unavailable,,local_stream_candidate_watchdog_timeout,30001,,,
fcddf5cf-5cf8-49d9-9840-ce7af0c4e371,1d232c3b-7f79-42d2-acde-3ee70fb0ffff,usage unavailable,,local_stream_candidate_watchdog_timeout,30003,,,
49460bd8-fa35-4c22-a1ef-207f82cbe34d,db4a5527-d126-4a38-b6ab-4ba3a3e4d256,usage unavailable,,local_stream_candidate_watchdog_timeout,30002,,,
0f942e01-23ff-4a37-b344-ee5c886e69d2,b2c66ec0-7d54-4ef0-956c-e7ab979faae8,usage unavailable,,local_stream_candidate_watchdog_timeout,30002,,,
b3770942-3a32-4704-ae22-5dab8bec4879,8f756271-2580-4f2f-8dfd-857aa5fd5530,usage unavailable,,local_stream_candidate_watchdog_timeout,30002,29350,200,aether-gateway.2026-09-10.log:15499
ee979afc-4512-4f8d-8fc6-6ede88d713af,78047a74-3807-4b26-9b1c-82ad1c170cef,usage unavailable,,local_stream_candidate_watchdog_timeout,30003,,,
b068c4c0-de6f-452b-b286-fe97a0ca3bef,8474eec8-37ce-4315-859b-e9f81d6e43f1,usage unavailable,,local_stream_candidate_watchdog_timeout,30002,,,
61ac4db2-3026-41ec-8471-a456cff237c7,b3167614-a594-4a18-98c0-e56041d5327f,usage unavailable,,local_stream_candidate_watchdog_timeout,30003,,,
198dc05e-f9af-4a9d-a5b9-a6226d484dfa,d9f87753-94eb-4696-8c88-abcda7a6e959,usage unavailable,,local_stream_candidate_watchdog_timeout,30003,,,
c5ffc511-f898-49d2-93fe-e6574a18e544,9c783757-cb8b-4e6a-afd6-0f28329832d8,usage unavailable,,local_stream_candidate_watchdog_timeout,30003,,,
fb89ae00-acc9-48aa-91e2-66d74e3b1938,b603920d-f8be-426a-bbf2-d77ff675b22b,usage unavailable,,local_stream_candidate_watchdog_timeout,30003,,,
5e54f489-9f86-46ee-880a-473f36b6ec92,0b8e4827-4438-42bc-9cf2-e296b2f6d19c,usage unavailable,,local_stream_candidate_watchdog_timeout,30001,,,
ea2eaad6-eee6-4a0d-a168-41942ab30242,97879c26-83f8-4c40-973c-03b6454b397d,usage unavailable,,local_stream_candidate_watchdog_timeout,30002,,,
f4502aee-6416-42c9-8a39-1f364a8dd5f8,2eb84dba-cf6f-477d-b216-2b0e0bcec5b1,usage unavailable,,local_stream_candidate_watchdog_timeout,30001,,,
04a0b80d-b523-441e-a6d4-846ddac32db2,ca7287ab-08ec-4ef2-8c83-108bb34e2b89,usage unavailable,,local_stream_candidate_watchdog_timeout,30002,,,
eddae37f-8a25-411c-ad56-cd19e2be4676,66ad12a2-560a-41f9-8ee8-8738ae9231cc,usage unavailable,,local_stream_candidate_watchdog_timeout,30003,,,
8154d744-8a79-4a04-b59e-51ec69b0630e,20ac4025-8e29-40a2-8f21-65296b8114f4,usage unavailable,,local_stream_candidate_watchdog_timeout,30002,,,
93896e84-0348-48c8-8801-a9111f98fda8,f2909a37-8d5e-4997-ba8b-7f2004dc59d6,usage unavailable,,local_stream_candidate_watchdog_timeout,30003,,,
b75d21a7-bbd5-4f9e-a184-a0b807e6ab16,58f41f1f-2b43-436b-b98d-892e51f1eec7,usage unavailable,,local_stream_candidate_watchdog_timeout,30001,,,
28130821-3218-45a7-966a-2b6d9c2f0f4a,3845e03b-b27a-4dfe-82ce-eb15474d5c72,usage unavailable,,local_stream_candidate_watchdog_timeout,30003,,,
6d3c87eb-f576-4338-ba15-54980d26f01e,d4f336a9-6d5d-440d-962e-700014f6b6da,usage unavailable,,local_stream_candidate_watchdog_timeout,30002,,,
b362a411-1d2e-4b76-83e4-b6c1458ca289,000b426a-fa7f-4066-97ed-20443e7fc398,usage unavailable,,local_stream_candidate_watchdog_timeout,30001,,,
cda6bbee-aa3f-4641-aeeb-fd9b2c86443b,92e205e4-4c08-4c90-aa20-9d5b5fa7cbf6,usage unavailable,,local_stream_candidate_watchdog_timeout,30001,,,
582e580d-487c-4b01-9ad1-5f2f74ff3403,44227025-9076-4ba5-8f6b-4d6bbcda0ca3,usage unavailable,,local_stream_candidate_watchdog_timeout,30001,,,
65689d52-5d74-4c38-a774-5a4a27724533,89d475a0-36c7-4b0f-a5c0-e4fb48ebcb16,usage unavailable,,local_stream_candidate_watchdog_timeout,30002,,,
5ad0cc01-1208-4e92-93af-a306f1152fc5,3678398d-b034-474c-95b7-988f98077c1a,usage unavailable,,local_stream_candidate_watchdog_timeout,30001,,,
7430d3e0-6606-42ec-9ad7-f1fedbf33597,8c021805-31d6-4a4a-9a4d-1faa8b96ce8d,usage unavailable,,local_stream_candidate_watchdog_timeout,30001,,,
c87dea8f-1397-4a44-a096-ce4cacc4ce13,52a75452-3c10-4a12-bb62-dcd275433a92,usage unavailable,,local_stream_candidate_watchdog_timeout,30002,,,
10b3c056-f6ab-46ff-bc40-04c59f5416de,170b4578-c768-4eab-ba3b-15eb5829a1b2,usage unavailable,,local_stream_candidate_watchdog_timeout,30003,,,
afe5bd16-1682-4f55-855b-10a508566660,e8199888-2137-4234-8d90-2570d3bfc76c,usage unavailable,,local_stream_candidate_watchdog_timeout,30001,,,
8eba2abe-b855-49f7-9355-5b1daf8ea132,66147c23-f6d6-4cea-b42e-3fcfe68ea8ac,usage unavailable,,local_stream_candidate_watchdog_timeout,30004,,,
ce56847f-f29b-42aa-97b0-fb2c4c4cf8cb,6b66a81d-82d8-4674-8cd9-10482e139b2c,usage unavailable,,local_stream_candidate_watchdog_timeout,30002,,,
b0575ede-6306-478d-ba31-1fe725ccd700,eda16875-ee1d-48b2-a74e-5a7ce3537d4e,usage unavailable,,local_stream_candidate_watchdog_timeout,30002,,,
53eea8b2-f762-4265-a920-fae87b3543da,8a0341f3-72cd-4a71-b03c-b33b7dd80bbc,usage unavailable,,local_stream_candidate_watchdog_timeout,30001,,,
34e41e90-a0ac-478c-8101-d2a3344e7ae0,1db6755f-3fa5-4fb0-b27f-a2ceb03c505c,usage unavailable,,local_stream_candidate_watchdog_timeout,30003,,,
63ee9060-2678-4994-8c78-028f173197f3,5c142f5b-5b83-46fb-82fd-23be078e3e05,usage unavailable,,local_stream_candidate_watchdog_timeout,30002,,,
63ee9060-2678-4994-8c78-028f173197f3,41edddfc-79d4-4757-92de-6fe0b4e6e166,usage unavailable,,local_stream_candidate_watchdog_timeout,30001,,,
7b154d13-4202-4a7d-b6b8-ef8f2835fb0d,5d5a7ddd-7f0e-4ad0-8d21-c462769bb0e9,usage unavailable,,local_stream_candidate_watchdog_timeout,30001,,,
ac2d94a9-f0f8-4727-a9f5-fc44172d7c83,f0f386cb-d91c-47e3-84c6-5af10d24265c,usage unavailable,,local_stream_candidate_watchdog_timeout,30001,,,
743f7069-aa68-4b93-954f-f32659aba484,55932dca-8659-478c-b1e8-1c61db278232,usage unavailable,,local_stream_candidate_watchdog_timeout,30002,,,
9cd2a5ae-7b31-487c-a5e1-786b53189d4a,1030d0ef-ffa1-4c8f-bad7-eefe5f0525de,usage unavailable,,local_stream_candidate_watchdog_timeout,30001,,,
91f746d6-1891-41af-8704-e4b44bed6105,e4847c94-1c1c-44fc-b1c9-ca819e472f21,usage unavailable,,local_stream_candidate_watchdog_timeout,30004,,,
a64f6eeb-9475-4dc4-8ac5-5b48186470ed,284f67b8-72d6-4b84-959a-0e5aa602b487,usage unavailable,,upstream_error,125046,5031,200,aether-gateway.2026-09-10.log:17330
765fc9e5-8f5c-43d8-955d-424893ccfbf8,e2476e2c-dcec-4e86-a0a8-1c48f1bb8e55,usage unavailable,,local_stream_candidate_watchdog_timeout,30001,,,
8c36ea4c-d460-4dec-a214-03c5ab7fc596,4a157efa-320d-4005-8ccd-86a5fffcb4c3,usage unavailable,,local_stream_candidate_watchdog_timeout,30001,,,
c41f3809-268a-45cf-92c3-03d556a21412,8457a16d-79b0-41fa-b7f2-ea6e2774d87d,usage unavailable,,local_stream_candidate_watchdog_timeout,30001,,,
60b8fd92-60ae-455e-b53b-d77df53c39be,ce981616-d3cb-4199-9d93-f2972a31b824,usage unavailable,,local_stream_candidate_watchdog_timeout,30000,,,
6f662c14-68f8-46ce-9025-911a744b4983,0f49d689-899a-472a-b1bb-a2a1e408de04,usage unavailable,,local_stream_candidate_watchdog_timeout,30002,,,
379e571c-c1a1-45dc-96ba-0ccc9dc8b9e8,3d11f0c9-fcc3-4f99-a62c-4d8f8bd9e1ff,usage unavailable,,local_stream_candidate_watchdog_timeout,30002,,,
e1d6dead-8839-4f5b-ba4e-1eb4692c2c40,c34bd97a-3b40-401c-91f9-e9b4393f836b,usage unavailable,,local_stream_candidate_watchdog_timeout,30002,,,
fdf450a5-2763-45b0-914c-981bfb04bd71,91852699-e8ce-4cf3-b5c0-f15b270b6b4a,usage unavailable,,local_stream_candidate_watchdog_timeout,30003,,,
aa609fa9-afa5-4a1f-924e-cfe7e1f10e54,7b47fa0a-8733-4499-8f64-72cc5d4cfa3d,usage unavailable,,local_stream_candidate_watchdog_timeout,30003,,,
af8cda6d-465d-40f8-a24c-15abc1fde6c5,af5d4165-6213-4f0b-b373-b74c67ce32a9,usage unavailable,,local_stream_candidate_watchdog_timeout,30003,,,
ca35c272-9cc9-4910-b6ff-e4d41a034dee,79ac4790-b530-4d0b-9799-583d48318989,usage unavailable,,local_stream_candidate_watchdog_timeout,30001,,,
c8128fcf-b574-4714-8dd5-2a593a97e560,0f91be07-3f44-4cfa-8da8-391a339425a6,usage unavailable,,local_stream_candidate_watchdog_timeout,30003,,,
9ea6f8b4-372a-48f7-b0f9-34a15fd29e42,b69657bd-66ec-459f-9cdc-54cc8406590a,usage unavailable,,local_stream_candidate_watchdog_timeout,30003,,,
76c493dc-d5b4-4870-8712-9528d9abcf19,34107806-cda7-4ee7-bb21-6088a92ef2af,usage unavailable,,local_stream_candidate_watchdog_timeout,30002,,,
399279cc-5901-4a3b-9955-d37fab6bf506,c032ea64-1dce-4912-956c-9284f53aed4a,usage unavailable,,local_stream_candidate_watchdog_timeout,30003,,,
facf1855-d7e9-43c5-af95-9407bb8cc0a6,96827ed2-ba4c-4a79-b95f-5d350f609561,usage unavailable,,local_stream_candidate_watchdog_timeout,30002,29529,200,aether-gateway.2026-09-10.log:17823
6839db5a-bd06-4085-b3e2-f404728da763,a306e94b-4c66-464a-90fd-9f11931a3d75,usage unavailable,,local_stream_candidate_watchdog_timeout,30003,,,
fedc3853-318a-4847-bfa9-5182a6615a84,f04d9d0b-ad8c-4f83-a575-d44a6eaf57ff,usage unavailable,,local_stream_candidate_watchdog_timeout,30001,,,
62932b3c-aee5-4953-bd92-bcf32797ecb8,087bc588-e271-4169-a26b-300930b23773,usage unavailable,,local_stream_candidate_watchdog_timeout,30002,,,
099ec0ad-a682-4238-be7c-8f6c550b6b0e,0a478a4a-914e-4a5e-8553-6c70b84cd2e0,usage unavailable,,local_stream_candidate_watchdog_timeout,30003,,,
9927b903-7d65-4908-aff4-2212d54a5130,c3a69785-c143-47f3-b51a-47904fc0f16e,usage unavailable,,local_stream_candidate_watchdog_timeout,30002,,,
98a45f02-e670-4cf4-b4ee-67de0613986b,d6887319-77ff-4d48-9354-2304eb72c075,usage unavailable,,local_stream_candidate_watchdog_timeout,30001,,,
9927b903-7d65-4908-aff4-2212d54a5130,746e4098-d547-4b40-8954-6baf4e25b38a,usage unavailable,,local_stream_candidate_watchdog_timeout,30000,,,
60de4f61-850e-4031-b1a4-21f4a8b79bb6,7d3f206e-2550-4173-bd36-3cce24e3f699,usage unavailable,,local_stream_candidate_watchdog_timeout,30002,,,
a21d56fb-b5ca-4483-a6b0-b44513a48d87,e03d4fa1-6ae1-4996-ba34-242a4878e6b6,usage unavailable,,local_stream_candidate_watchdog_timeout,30003,,,
eb023ac2-0975-42b9-b5b9-3a9507a6e36e,485ea5ed-724f-4d37-b597-b11b24614b07,usage unavailable,,local_stream_candidate_watchdog_timeout,30001,,,
eb023ac2-0975-42b9-b5b9-3a9507a6e36e,edf11975-2973-418e-b25a-92d60da947b3,usage unavailable,,local_stream_candidate_watchdog_timeout,30001,,,
4dc05a9f-e44c-4c9a-8d73-93166e89ae4d,997c94f8-e060-4d09-8ce6-dcbe6e8be351,usage unavailable,,local_stream_candidate_watchdog_timeout,30002,,,
88b5476e-57d4-4777-8dd8-1bb7b9d1d296,eefbab53-839d-453c-ae5a-e2f51f20b90c,usage unavailable,,local_stream_candidate_watchdog_timeout,30003,,,
bc9d009a-9ff8-4ed6-a5af-4b813ee8f5a1,594666b5-65bd-4792-a281-d69c38b8eb67,usage unavailable,,local_stream_candidate_watchdog_timeout,30004,,,
66a813fb-5ec5-4ee0-9cb9-a03e2aec2527,15987824-e7c5-4055-882e-dd58f72e1018,usage unavailable,,local_stream_candidate_watchdog_timeout,30002,,,
eb74a1b5-6838-4fea-81bd-908164f276dd,77be2996-0b6d-494b-9b96-0fd0b5feb69c,usage unavailable,,local_stream_candidate_watchdog_timeout,30002,,,
66a813fb-5ec5-4ee0-9cb9-a03e2aec2527,1171728a-bd93-4c24-b7bc-64d8d4f1d1ba,usage unavailable,,local_stream_candidate_watchdog_timeout,30003,,,
b6d99f63-1749-4351-ae9a-ab6c3606dffc,a4800235-265a-49eb-8e7f-37173765b409,usage unavailable,,local_stream_candidate_watchdog_timeout,30001,,,
e688dab5-e785-42bf-961c-b6261538fd27,274d413c-33d5-493f-8b9f-407db043eebe,usage unavailable,,local_stream_candidate_watchdog_timeout,30003,,,
592c4835-9a95-4d77-87d9-c15d1621b974,433092f6-b818-481c-817b-445509e9c962,usage unavailable,,local_stream_candidate_watchdog_timeout,30002,,,
d92ed32b-901b-415e-ae68-c079607dc7a6,74b1b3bc-a671-46d6-92f5-377c2b8a8b93,usage unavailable,,local_stream_candidate_watchdog_timeout,30003,,,
d3be4635-14df-478d-9dd8-b45cdbdebdad,269735f1-54e2-434d-a660-0a22cc7bd461,usage unavailable,,local_stream_candidate_watchdog_timeout,30003,,,
bbc43b4e-a6b4-4c7b-b20e-aa6e8765ebc9,891bfa6a-8da3-4d16-bdad-b21c6abdfdeb,usage unavailable,,local_stream_candidate_watchdog_timeout,30002,,,
337baa3f-e0ab-4b94-9e7e-12bce0148c09,43a5ef2f-e885-4f09-882d-e21c9e9558a0,usage unavailable,,local_stream_candidate_watchdog_timeout,30001,,,
e45678b7-7975-4131-ac39-fe70ff95446b,eaef056d-957d-4050-a58b-19dd9bb8fa9d,usage unavailable,,local_stream_candidate_watchdog_timeout,30003,,,
8681a83c-2207-465b-9aff-4facb88f493c,73799fc9-1ac5-4be5-8e1b-063120ab9cd7,usage unavailable,,local_stream_candidate_watchdog_timeout,30002,,,
5d716a1d-33fb-4007-ba4b-59c16a990edf,8918a82d-c3a6-4118-b22a-723770c4e945,usage unavailable,,local_stream_candidate_watchdog_timeout,30003,,,
5d716a1d-33fb-4007-ba4b-59c16a990edf,5e835414-f764-4248-a43c-a833606a3a6c,usage unavailable,,local_stream_candidate_watchdog_timeout,30003,,,
ba9327ba-5ec0-45b4-a03b-2bebf9e5ce36,5c387280-05a7-41e2-8c9e-7ba3dbe7377f,usage unavailable,,local_stream_candidate_watchdog_timeout,30002,,,
ba9327ba-5ec0-45b4-a03b-2bebf9e5ce36,d8201482-1631-4a40-b696-222e122c51fe,usage unavailable,,local_stream_candidate_watchdog_timeout,30001,,,
475f5f7d-493c-4b44-9456-9ffbc87d102c,b09b6e08-dfd2-49f4-aafd-62e0313ce70d,usage unavailable,,local_stream_candidate_watchdog_timeout,30003,,,
1c0dad54-7e9c-4a41-978b-3e57eb303022,1a8e3bfc-136d-4c66-9eec-d26fd382e240,usage unavailable,,local_stream_candidate_watchdog_timeout,30003,,,
1c0dad54-7e9c-4a41-978b-3e57eb303022,7a6b5aae-ea10-447e-826a-9dc96e0f5dfa,usage unavailable,,local_stream_candidate_watchdog_timeout,30003,,,
1c137cc4-305c-421c-9523-342fd9ffcb0a,b99d5a47-a9cd-4afd-afa0-3f555fa94e38,usage unavailable,,local_stream_candidate_watchdog_timeout,30002,,,
1c137cc4-305c-421c-9523-342fd9ffcb0a,d9b8f0c5-ba93-483e-91ad-6af841793d05,usage unavailable,,local_stream_candidate_watchdog_timeout,30003,,,
1c137cc4-305c-421c-9523-342fd9ffcb0a,d90a6191-dcf9-4c8e-bbd2-95864903f760,usage unavailable,,local_stream_candidate_watchdog_timeout,30002,,,
9691682f-30c3-4175-b575-26a03f6ac34c,5c9acadc-d65a-4537-ac7e-c818ecf15cf0,chat,failed,local_stream_candidate_watchdog_timeout,30000,,,
a1ca7f0c-c1b5-4a4f-8355-89718d95a819,9152a9fd-c9f6-4a8c-8cac-e4853d97e09f,chat,failed,local_stream_candidate_watchdog_timeout,30001,,,
09278379-707f-4ded-973f-86360319f8de,a1077d64-6b70-44f5-931f-0239d6f0447b,chat,failed,local_stream_candidate_watchdog_timeout,30002,,,
85f04197-ae95-427d-a995-511af32bcec4,62c4e7cf-97dd-4e3c-9df7-72017035d59f,chat,failed,local_stream_candidate_watchdog_timeout,30002,,,
fef4f607-8747-4b63-b9bd-23c4491ea677,39de5a3e-435c-4075-94b9-861d0243107b,chat,failed,local_stream_candidate_watchdog_timeout,30000,,,
a8646aff-77c1-445d-93db-224df80a9c85,3ed07e0c-3514-4042-932c-b6ecc6f45550,chat,failed,local_stream_candidate_watchdog_timeout,30001,,,
0d59e2c5-e807-4f6b-be5f-d09eaae3907b,b576932e-0d52-4f27-bc33-7d32a3b41336,compact,failed,local_stream_candidate_watchdog_timeout,30001,,,
c9a60b7e-328d-4970-a8c5-5319f6a00080,d8a21730-6f91-4834-93fc-042a1f1ef52f,chat,failed,local_stream_candidate_watchdog_timeout,30001,,,
6004958c-4b1f-46db-8f3e-0f4df07dd149,9794ed57-1750-4f6c-8aad-fd5f81535d81,compact,failed,local_stream_candidate_watchdog_timeout,30002,,,
f1a07cf4-07f3-4408-86d8-474459f6264f,6d8673bd-f9ea-46a9-a5d5-b777d23decaf,compact,failed,local_stream_candidate_watchdog_timeout,30002,,,
83ca6709-2b2c-4738-9429-6d4ca26530df,4ebd9306-1800-4fc4-b010-edbe3b66fea0,compact,failed,local_stream_candidate_watchdog_timeout,30002,,,
a5c2dd6b-785f-45a6-bba4-34f2bcf4f73c,d1f557f6-e97c-4798-af3d-7fd28aa6bb15,compact,failed,local_stream_candidate_watchdog_timeout,30002,,,
ea3592c2-4999-4b1d-a697-ce7232092d12,2f207bdf-00f2-4f34-9193-53315faa9733,compact,failed,local_stream_candidate_watchdog_timeout,30001,,,
2544e45b-4b61-49ce-a8a3-da3aadecf2bb,51552c76-a79c-4ac8-a2fc-b42397dc8671,compact,failed,local_stream_candidate_watchdog_timeout,30002,,,
169d8209-de0c-4b88-a9f6-60ea84ea967c,797d0206-bf80-4972-b648-35af89cad490,chat,failed,local_stream_candidate_watchdog_timeout,30001,,,
1c56568e-bf84-413e-86b4-41cef4cedeea,be1ccfdc-7469-4940-80a5-519fe8ebebdb,chat,failed,local_stream_candidate_watchdog_timeout,30002,,,
62cbc3c9-cac1-49f8-9173-274f000a1da0,7ada8a58-9c9a-4fb7-8e2d-8ae69c3b92c5,chat,failed,local_stream_candidate_watchdog_timeout,30002,,,
40738d29-f7cd-441e-b16d-d0247267b327,e6b697c5-18f0-41de-9928-21e6bbdb32c5,chat,failed,local_stream_candidate_watchdog_timeout,30001,,,
3bc40621-e1d7-4ff8-b00c-0cefad6c614c,b3425f85-058d-45f7-81c1-68ee516ef4db,chat,failed,local_stream_candidate_watchdog_timeout,30000,,,
79cbc419-ad13-4830-9bb4-68cad3c8112d,12df0f90-a3ee-4978-a015-dd1eab0b98fb,chat,failed,local_stream_candidate_watchdog_timeout,30003,,,
d6e5aa41-108b-4da1-b1fb-bfad52204a15,45cd5daa-f152-4448-a618-993ed0b29f9c,compact,failed,local_stream_candidate_watchdog_timeout,30001,,,
cf6f33ff-304e-4c3f-9ff9-17c569e9456a,a9435f4a-ec38-4061-9a89-df6954200b17,chat,failed,local_stream_candidate_watchdog_timeout,30002,,,
2218bddb-c364-4bf5-8ccc-4d16913c1478,49e95145-aa53-4db3-acd9-1a3a219bf5cc,chat,failed,local_stream_candidate_watchdog_timeout,30002,,,
76fc7271-5c36-4487-bcc0-6b66c01397a3,09a4112c-7941-458d-8847-ce96cb6a7d7e,chat,failed,local_stream_candidate_watchdog_timeout,30002,,,
515798b1-698d-4810-893a-25103e23a945,e3220b1a-4aa8-4965-856f-16c2367cd479,chat,failed,local_stream_candidate_watchdog_timeout,30002,,,
a77a8de7-d2b5-4536-bf65-9d8413125c26,b0af8bd1-f51e-4dda-8d5e-e9969e273247,chat,failed,local_stream_candidate_watchdog_timeout,30002,,,
2be1b4b0-70a0-48ba-81db-df1a1a84136e,b1500700-652f-4740-8249-a5de4bee92be,chat,failed,local_stream_candidate_watchdog_timeout,30002,,,
4face779-ccdc-4f85-9434-2d4cc5603b6e,4e3f8e6d-5543-41d8-afaf-ad8c4dcafe0d,chat,failed,local_stream_candidate_watchdog_timeout,30001,,,
65d1fa81-75b9-4c30-b310-c3d45b3f9b1f,535be8fb-e51d-4366-bd35-27ef7d595d0d,chat,failed,local_stream_candidate_watchdog_timeout,30002,,,
a7fe5117-2997-4fc5-96ca-284fba67d519,96a8f315-4b5c-4268-84d9-27947dcc7deb,chat,failed,local_stream_candidate_watchdog_timeout,30002,,,
805b5899-7089-46ca-97a5-cc6e707df637,b9054319-588f-43f4-b2b0-bd2cabba06b7,chat,failed,local_stream_candidate_watchdog_timeout,30001,,,
c12f759b-58d8-4df2-bd7b-fc6b4a14af38,ded65c3a-fab5-4edd-95fe-9c8fa329994d,compact,failed,local_stream_candidate_watchdog_timeout,30002,,,
860857bb-ea69-4e61-9b45-fff282753d09,f99013b9-e91f-4712-a24d-e01f988b2ab3,chat,failed,local_stream_candidate_watchdog_timeout,30001,,,
6ed23c38-c0ad-4291-95d0-d52cefb78abb,64ae47a2-cde9-453d-9858-6f72c72260f5,chat,failed,local_stream_candidate_watchdog_timeout,30002,,,
c73aeecf-5fc5-4c42-a9a3-d0652d60731e,f5e0e812-80b7-456f-b227-10de8a28ce45,compact,failed,local_stream_candidate_watchdog_timeout,30002,,,
8c886aef-325c-4c8b-91b3-b080e9a2af78,bf5eecdd-c596-4081-b35a-9491bf14b2d0,compact,failed,local_stream_candidate_watchdog_timeout,30002,,,
731f8675-820a-45c9-a6fb-ee52a203a8b8,4f0c0f32-9c3c-4770-b56a-829ea9050079,chat,failed,local_stream_candidate_watchdog_timeout,30001,,,
5c2b8f44-09f6-46a7-812b-1ff079bc0d2d,3c21269a-8e1d-4d7d-b46f-25938b4941c6,chat,failed,local_stream_candidate_watchdog_timeout,30002,,,
463bd49f-f445-425b-9441-d2e8167e31a1,53b27506-a561-4165-8c08-d1b2bbe331b0,chat,failed,local_stream_candidate_watchdog_timeout,30001,,,
800690eb-35bb-48ce-985a-574e904c5eda,0f39995d-6e22-4a75-919e-a9bd3372e89a,chat,failed,local_stream_candidate_watchdog_timeout,30001,,,
c1017a27-0ae1-4bcb-8cd7-58cf9f85f3be,4961cd32-3375-4862-a2ed-d3eb102db94f,compact,failed,local_stream_candidate_watchdog_timeout,30002,,,
d738268d-a5d6-4aea-aa42-2d4e844ffeab,31a427fb-6160-4b19-bfd3-c4a3b3ba006a,chat,failed,local_stream_candidate_watchdog_timeout,30001,,,
15debcd1-842a-4b2c-962e-7c7954410c25,55c0efc5-83bb-44f8-a65b-1fce258acea3,chat,failed,local_stream_candidate_watchdog_timeout,30001,,,
e9ec2eb2-cf27-47f0-b8b3-568d53d9cf9a,43a17a30-3881-42f8-950b-8a59187a9202,compact,failed,local_stream_candidate_watchdog_timeout,30001,,,
e4c16d69-df97-4085-bf14-3f7c2ea04660,5843d849-bce8-4afc-8b18-c556428bc345,chat,failed,local_stream_candidate_watchdog_timeout,30002,,,
d09ed24f-3518-40ec-9582-24fdb3e32f4f,3f4d388f-80a4-42a3-9b22-c175a2ed1f98,compact,failed,local_stream_candidate_watchdog_timeout,30001,,,
6d304778-ae86-46d9-82cb-cf4f80439ce7,d2765e5f-9b7c-4c18-938d-95bfcd6fec90,chat,failed,local_stream_candidate_watchdog_timeout,30001,,,
23ba4aca-8a39-4bb7-8725-5250d37aa004,1610bab5-5634-47cf-a645-4662c0d3886b,chat,failed,local_stream_candidate_watchdog_timeout,30002,,,
c8ef1999-4892-4907-b023-89add115cebf,8939516a-d107-4b05-b60e-814ff22aabd1,chat,failed,local_stream_candidate_watchdog_timeout,30002,,,
0e0f5d7d-babb-40ee-8545-db3c3dad406f,a215e409-3920-4773-baf4-e39d06ce5a4f,compact,failed,local_stream_candidate_watchdog_timeout,30002,,,
a9315944-cd61-4510-9784-27976298d423,9dce06ea-3cc0-4b48-8114-f51490351a40,chat,failed,local_stream_candidate_watchdog_timeout,30001,,,
a4d7ea63-d45c-4c4b-91e4-4ceed1bcba22,29c578c5-8f82-4b55-872d-e0883b90074c,chat,failed,local_stream_candidate_watchdog_timeout,30002,,,
67134b01-4693-48d0-a594-db33a5e5afbb,0925c904-27c3-43b2-b40f-d12ffac35ed9,chat,failed,local_stream_candidate_watchdog_timeout,30002,,,
82a0abd2-6ceb-427d-a9be-4c9f71d8776a,a6e6620b-8ac1-45d2-a64a-eee1433a2de0,compact,failed,local_stream_candidate_watchdog_timeout,30002,,,
62665b26-49b5-4f2b-8804-1cc4bd910495,38918ebf-c447-40d1-bb42-3906236697a7,chat,failed,local_stream_candidate_watchdog_timeout,30001,,,
23c5ab91-5c78-43a2-9e30-65f98c77b83a,55d565fa-2c9c-41ce-a222-4aca72739fcf,chat,failed,local_stream_candidate_watchdog_timeout,30002,,,
55899fe4-ac78-4010-bda2-343d014a9bec,b39c8542-7d74-43b9-8eaa-c710743b6132,chat,failed,local_stream_candidate_watchdog_timeout,30002,,,
dbe7c79c-c0b5-46a5-a345-d1e85ea23052,04fcc897-5535-4566-9536-f28d9fde770b,chat,failed,local_stream_candidate_watchdog_timeout,30001,,,
54da0be8-32f2-4822-b488-846e159530f0,eb3842e1-e294-4ac1-86e3-7e4bcca38500,compact,failed,local_stream_candidate_watchdog_timeout,30001,,,
5d78253a-145d-4ac5-a5f1-aff50f8465d8,d9dc08e5-36a5-4f0e-9388-7cceee863884,chat,failed,local_stream_candidate_watchdog_timeout,30001,,,
00e45e55-bb00-40fd-ad1d-e1aef0165b96,179a86ec-8e48-4d6c-9ae9-2251006a8f71,chat,failed,local_stream_candidate_watchdog_timeout,30001,,,
f642a8c1-139b-4c4a-9987-fc9cf07bed84,14876d07-fe9b-475d-9a1c-c54a2ed5f68f,chat,failed,local_stream_candidate_watchdog_timeout,30001,,,
4115d010-8036-4f49-8c17-64c0bfe7a8f3,7fef1959-df1b-4f93-ad45-77d692ecb59d,chat,failed,local_stream_candidate_watchdog_timeout,30002,,,
df292ef9-c4d0-4f54-bbca-b579e9bd6283,8ca000ab-cd89-4960-be45-01ade4de1889,compact,failed,local_stream_candidate_watchdog_timeout,30001,,,
dc17f463-7bf7-48f6-b578-badadf9d4a96,1c2b4954-7b53-49e1-a62e-15b201096eea,chat,failed,local_stream_candidate_watchdog_timeout,30001,,,
b5a1cf7e-4efa-4904-954f-a6fb758b342c,10410232-c643-4e15-a72f-e26d6354c766,chat,failed,local_stream_candidate_watchdog_timeout,30002,,,
d29084ea-9734-49e4-add5-e70dbeeb5658,2c866f45-fdef-428a-b560-dfd52d1728f8,chat,failed,local_stream_candidate_watchdog_timeout,30000,,,
b30bd5fb-899f-4424-bd46-f1b15737fc2f,661d4a81-2592-4784-ad05-ff2d310805cb,chat,failed,local_stream_candidate_watchdog_timeout,30000,,,
9daa9878-6cd7-4e02-b25d-fef31c00efbb,1fb7c96c-9a3d-45e1-b8aa-210c582cea48,chat,failed,local_stream_candidate_watchdog_timeout,30001,,,
fb5d3ffd-2f6c-4341-9bcc-b7ab3cd9765d,f21cdaf0-948d-4412-b843-85a2922522e4,chat,failed,local_stream_candidate_watchdog_timeout,30001,,,
99a200f8-24c3-478f-86fd-f57c1cc79ae5,81b3799e-1796-421d-a724-bcb4ae1c855a,chat,failed,local_stream_candidate_watchdog_timeout,30001,,,
5a418c87-dae2-48b9-9f7a-f61528f1341d,0f160fc1-c135-41ee-b6c9-4d48fb9f2581,chat,failed,local_stream_candidate_watchdog_timeout,30001,,,
5c0cbbc9-8fd3-4af4-a281-8d044d9ffa28,90ce2a96-ed8e-4a90-ae5c-032e36dcc0ae,chat,failed,local_stream_candidate_watchdog_timeout,30002,,,
0c5e6157-76fb-4f02-aa25-08c81660a371,1cf64f53-6c46-439e-8eec-6f9722311018,chat,failed,local_stream_candidate_watchdog_timeout,30001,,,
1108944f-be22-4b42-895a-c8fedcb903ea,c2baf49f-8269-4ccc-aa94-6e7966c9b0e5,chat,failed,local_stream_candidate_watchdog_timeout,30001,,,
144739a0-3676-403e-92ea-843d919557fe,a3dfe946-77db-4892-9fb6-0631e05f9785,chat,failed,local_stream_candidate_watchdog_timeout,30001,,,
d13d7789-6383-4f99-807c-d776806e3a3e,036ad598-be7a-40e9-9b4c-6adfba51b8d2,chat,failed,local_stream_candidate_watchdog_timeout,30001,,,
7eac1f7c-b5dd-4bd3-b415-e265d98b4eba,fbdcbf44-8d5f-406c-ba17-aa1552d6f927,chat,failed,local_stream_candidate_watchdog_timeout,30001,,,
755a34a1-09d3-445d-82d7-28b0303bba81,28900ff6-e971-4a1b-a37e-1a8888830315,chat,failed,local_stream_candidate_watchdog_timeout,30002,,,
824a5791-6411-4e34-ae49-384d182de1a6,fe5aa7ef-a64c-46e8-9e7e-e13a3b3967b9,chat,failed,local_stream_candidate_watchdog_timeout,30002,,,
89dbaef7-08b1-4095-a10a-d874d2a094e1,9354f859-f452-48b0-8e3c-8bafe2b3809a,chat,failed,local_stream_candidate_watchdog_timeout,30001,,,
95e4915e-417b-4f1c-bebc-db83dec0768c,e0845254-7863-44d1-ac23-f2c0f27db392,chat,failed,local_stream_candidate_watchdog_timeout,30002,,,
64e939ff-94a1-4959-92d8-99140300532c,178f5055-bc73-43b2-bead-7d647927b12e,chat,failed,local_stream_candidate_watchdog_timeout,30002,,,
632e6649-ae1e-47fd-856e-6a8314c74033,4b462d8b-898b-4dde-9d9b-fc8080f23dc8,chat,failed,local_stream_candidate_watchdog_timeout,30001,,,
6423c154-29d5-4914-8b52-417c79e23f72,7a86b754-8cd2-4cd2-871b-c1016ff40dad,chat,failed,local_stream_candidate_watchdog_timeout,30001,,,
2079a1c1-342f-4abd-a6a7-145630e01422,9aeebc1f-d8ed-49ce-b5d5-a09075100f0e,chat,failed,local_stream_candidate_watchdog_timeout,30002,,,
d0402f75-b4b3-476f-93cd-faecf201e7cc,f5757769-8f22-4b18-bd51-6210140f188a,chat,failed,local_stream_candidate_watchdog_timeout,30001,,,
2908f4d9-6929-4e52-bc13-e659e513e601,03e65786-d996-41f9-8f1f-a615f5e613df,chat,failed,local_stream_candidate_watchdog_timeout,30001,,,
1d9e4ec0-1912-4cdf-800b-3f3bccd60104,ddac7ccb-2c72-4f78-96fc-aaaa364500f0,chat,failed,local_stream_candidate_watchdog_timeout,30002,,,
85fa1845-eb07-4fa4-89f6-4dfc71e05b11,b17dbf4a-aa7e-413d-9718-c9b0017606e6,chat,failed,local_stream_candidate_watchdog_timeout,30000,,,
f50e92b0-f8a7-4098-99a9-57f4714ec3c6,c7eed7bf-e0c6-4a17-bafc-f73857024326,chat,failed,local_stream_candidate_watchdog_timeout,30001,,,
0275678b-c21a-45c1-8b06-45e497b0ed32,ccead45a-517f-4d39-8849-419dcbc40ac3,chat,failed,local_stream_candidate_watchdog_timeout,30002,,,
94d3f41e-8c79-4fd8-8574-c272a95c5363,dff04a47-2d00-4574-a8f1-0d25804cc91d,chat,failed,local_stream_candidate_watchdog_timeout,30001,,,
657e2a86-8291-4ae2-a47d-f922bf1f49df,23e3664b-3678-4ccd-b00f-9d834d7c7d68,chat,failed,local_stream_candidate_watchdog_timeout,30001,,,
c2d4b10d-ea74-4550-b430-3a618031f5c1,84ecbcd3-ae03-4777-95aa-d4a00bd6230a,chat,failed,local_stream_candidate_watchdog_timeout,30002,,,
23f87d84-0f64-4c06-8219-d23162ad43c7,93943a1e-3ab3-40d9-8c0e-d522d09fed84,chat,failed,local_stream_candidate_watchdog_timeout,30002,,,
e714e98f-028d-4f51-841a-2287c5f21644,9aa027cc-ded8-4f87-b75d-5316fb5e9a5f,chat,failed,local_stream_candidate_watchdog_timeout,30002,,,
b9a310e7-9d92-4dc1-9d3b-0b28a82a0dcd,b5e38e17-7136-44ae-88be-b24c34605dbb,chat,failed,local_stream_candidate_watchdog_timeout,30002,,,
9133c2c7-d559-46a8-acae-fcdbfe6b7fc4,f9d01414-c074-454d-abd6-a166717a8c1b,chat,failed,local_stream_candidate_watchdog_timeout,30002,,,
576448fa-2a35-40f7-8967-f87451598679,645dd113-5d11-4d39-a41d-609c5989f51d,chat,failed,local_stream_candidate_watchdog_timeout,30001,,,
dbb434c6-5efa-4aa1-91f4-8cf68e8a0892,1907ca82-8f73-4a33-8914-3fedfca2ee3c,chat,failed,local_stream_candidate_watchdog_timeout,30001,,,
2e6d13b3-51e0-452a-a54a-87943b9a2065,f70a5b6e-6a45-4db9-91cf-23a747e87e10,chat,failed,local_stream_candidate_watchdog_timeout,30002,,,
3f213c6d-a6f3-46cd-8654-35709988283b,421d11d1-6551-490f-9da7-90c649a925c4,chat,failed,local_stream_candidate_watchdog_timeout,30001,,,
feca94bf-a9c8-490d-bf07-1b795d954377,4da34d5f-0521-4504-9a48-61b9544342de,chat,failed,local_stream_candidate_watchdog_timeout,30002,,,
7ba2d49d-8e86-48e9-b64f-c1de730b3601,05baa4f0-c868-4782-a66f-669666d1bf5e,chat,failed,local_stream_candidate_watchdog_timeout,30001,,,
8ed38f58-3f35-4755-a227-0662299c5e77,b6b69129-3d05-4d7a-a074-f73678214e6a,chat,failed,local_stream_candidate_watchdog_timeout,30003,,,
8ed38f58-3f35-4755-a227-0662299c5e77,0c231790-b271-4dbe-aa2d-af75eaa81217,chat,failed,local_stream_candidate_watchdog_timeout,30002,,,
bff1f78b-4c87-4780-9f1f-3c33b74d28f6,f8dcce38-9b0f-4ce8-bd66-8b1c17745b31,chat,failed,local_stream_candidate_watchdog_timeout,30002,,,
bff1f78b-4c87-4780-9f1f-3c33b74d28f6,70b012bf-4538-4349-8aa4-b2ad26d83b9e,chat,failed,local_stream_candidate_watchdog_timeout,30001,,,
ed7113b4-ca05-4ea0-849c-4a963f0b2537,b3f3156e-b043-4a9b-8518-eb0b687bb323,chat,failed,local_stream_candidate_watchdog_timeout,30001,,,
ed7113b4-ca05-4ea0-849c-4a963f0b2537,7e337639-8738-43e9-bc7c-3a11c3dc04e6,chat,failed,local_stream_candidate_watchdog_timeout,30002,,,
0683fa6b-dd94-405d-a3de-ab26e93fc3d7,f31d6fc2-8267-49e0-9aa2-4dd6d31d0523,chat,failed,local_stream_candidate_watchdog_timeout,30001,,,
0683fa6b-dd94-405d-a3de-ab26e93fc3d7,a75e344f-bb1e-4d64-9829-8c3ee13acb59,chat,failed,local_stream_candidate_watchdog_timeout,30002,,,
4285e424-5b94-450b-ad37-5eac6a57299a,07c9af50-c4df-4867-87e5-40bf075374f6,chat,failed,local_stream_candidate_watchdog_timeout,30002,,,
4157afc5-4dd9-4a80-967d-93049b6d3544,302d4cc6-e78a-41f2-8107-11bc5c2759e1,chat,failed,local_stream_candidate_watchdog_timeout,30001,,,
a9f604f6-8765-4ab8-a5a4-cf700ad12576,f6751716-9936-4300-ab13-e905b409e377,chat,failed,local_stream_candidate_watchdog_timeout,30002,,,
aa1fe488-4644-4dbd-8234-9ab10e7aa03f,e3f1fa74-bfea-4927-acaf-3143f58b1258,chat,failed,local_stream_candidate_watchdog_timeout,30002,,,
43f0cb33-a558-49d3-9158-b08c90925940,53a53e93-191b-4606-b546-aa3f9fd45622,chat,failed,local_stream_candidate_watchdog_timeout,30003,,,
2e366526-8606-464d-be57-a9e8e12d06da,e79e13d1-c3ea-41a0-ba4d-8eab52305835,chat,failed,local_stream_candidate_watchdog_timeout,30003,,,
e4173952-1dc0-4866-8a10-7c1e1f5ca0e1,544e219e-4878-408d-a87a-e351909c8289,chat,failed,local_stream_candidate_watchdog_timeout,30001,,,
59fc2a88-05a1-42a7-b086-412b6fe5cea7,a75de55c-873c-47df-8219-ef3dfe58dfd0,chat,failed,local_stream_candidate_watchdog_timeout,30001,,,
9cc0bed1-9676-4347-90a4-d053138acff3,af85beb6-d59d-49b4-be73-8757e6f84885,chat,failed,local_stream_candidate_watchdog_timeout,30001,,,
e2154ce4-88ea-475b-9faa-4a323522128a,07aeac67-b075-4eb7-b012-6b47f86ca100,chat,failed,local_stream_candidate_watchdog_timeout,30001,,,
e0f8d632-588e-44da-b09b-8edf2c64a25c,85025dbf-f666-4df0-a85d-0f88fb96c0ca,chat,failed,local_stream_candidate_watchdog_timeout,30002,,,
a37d5b17-c033-4fca-a5a0-a9578251b184,9aadb4c0-e10e-4eb9-8aee-9b53888c796f,chat,failed,local_stream_candidate_watchdog_timeout,30001,,,
e1cbbe5f-fd42-4c89-8ad6-0ec976627f77,d0167696-0524-4180-ae88-9774f678339b,chat,failed,local_stream_candidate_watchdog_timeout,30002,,,
1cc6abce-9346-47d5-92e3-0b611fe8c2e7,bf21c13e-a226-454f-91a5-7ad3eaf3c7a8,chat,failed,local_stream_candidate_watchdog_timeout,30001,,,
1b73945b-35ae-47db-a899-5a46a6efa44b,152a388f-1d95-4d4c-9ae3-19f123bb9c7e,chat,failed,local_stream_candidate_watchdog_timeout,30002,,,
b118d2d4-0966-4256-a1b6-0ad38f509fa5,020eebc8-a8e7-4ca8-a507-27f86baf73dc,chat,failed,local_stream_candidate_watchdog_timeout,30002,,,
50d2642b-db6b-4880-8b89-af040f19c20d,69f83805-ddd3-4139-a08c-ec3db4958459,chat,failed,local_stream_candidate_watchdog_timeout,30002,,,
24633cd0-c362-4f19-9db3-66a2bd663ad7,42109018-0255-4e23-90ec-55c12a34d797,chat,failed,local_stream_candidate_watchdog_timeout,30001,,,
ab14f9b0-35cd-48ab-93a3-e6aa32a6ac2f,3bb7cf4a-2de7-4fc0-bff3-7d0ccda7d0f8,chat,failed,local_stream_candidate_watchdog_timeout,30002,,,
9fe92dd2-c1ba-46f0-ba8c-c4cf932a6116,fa62d811-7fea-4491-8c97-e1770ec78942,chat,failed,local_stream_candidate_watchdog_timeout,30001,,,
1071e866-684b-4f8f-88f7-c90d690daac8,5a512da3-edb2-4566-8baf-79a82ac219e7,chat,failed,local_stream_candidate_watchdog_timeout,30002,,,
db9277a8-aec4-444e-8f31-19e2ae9469ca,f9a793c5-301e-427d-91b7-a11b34dd95ec,chat,failed,local_stream_candidate_watchdog_timeout,30001,,,
e0ef2308-fafc-4687-908d-8b57a331b564,eba2393a-5925-44c1-b8bc-f3418f334c6e,chat,failed,local_stream_candidate_watchdog_timeout,30001,,,
ab397bf5-2ffe-4194-8f26-9c443ed353cd,08fddb7b-6935-4c76-b8c8-b7654a784bb0,chat,failed,local_stream_candidate_watchdog_timeout,30000,,,
ff84e1dd-246a-444b-8e0b-569e8beba6fc,2a6f41aa-50f1-4ce6-a335-276409ccdf54,chat,failed,local_stream_candidate_watchdog_timeout,30001,,,
0b9cca77-2b18-4da8-9988-d230913cf40c,858d7282-31bb-41e5-a0ae-982571490633,chat,failed,local_stream_candidate_watchdog_timeout,30001,,,
1c474913-ca3c-4a5e-9d9a-b1da931966a7,b7378559-3716-409d-b6b6-4b59fc7ed5ce,chat,failed,local_stream_candidate_watchdog_timeout,30002,,,
d1905239-d1dc-4988-86c5-ab66458b9bf9,be4bb4aa-c6b6-4b60-8d81-9a6f1f1f77a7,chat,failed,local_stream_candidate_watchdog_timeout,30001,,,
dd9595a9-e276-4bae-a873-827983f190f3,dce2935a-7971-40b2-9efa-ba7c272aef95,chat,failed,local_stream_candidate_watchdog_timeout,30002,,,
790455ca-713c-412b-9153-d84f07d71a20,3e4e5106-93c4-4557-b16c-1ebb3742b9a6,chat,failed,local_stream_candidate_watchdog_timeout,30002,,,
78cea80b-9e8a-41cf-a7b9-9420615408c9,216008ca-bb4f-45cc-9573-907bf1a5435b,chat,failed,local_stream_candidate_watchdog_timeout,30002,,,
9c47c4ac-0d27-41de-9181-f468ea8fb1be,aacb5507-ff39-44f0-9494-9eae20d2541f,chat,failed,local_stream_candidate_watchdog_timeout,30001,,,
05663b0f-fb6a-44f5-9563-9ded2b95cb64,ad19cc5d-062a-45d7-b838-90c98ee28890,chat,failed,local_stream_candidate_watchdog_timeout,30001,,,
3a4170a7-7657-4c85-9f92-099ceed561d8,51df96b2-7c2d-4cb4-885f-6848932cda9c,chat,failed,local_stream_candidate_watchdog_timeout,30002,,,
e34738d4-006f-4ddd-9d5c-a8b8cc6a47a3,34c06d50-febc-4a90-b545-0383a0441aef,chat,failed,local_stream_candidate_watchdog_timeout,30002,,,
4b7c023c-6730-40f0-955a-3ab6950a15d8,dc7034fc-b449-46e9-aebe-47961c1b71f5,chat,failed,local_stream_candidate_watchdog_timeout,30004,,,
50a98877-1833-4531-a458-b98f83bebd5e,ed980765-c828-445d-97c8-9a978d0bb7f8,chat,failed,local_stream_candidate_watchdog_timeout,30002,,,
ee900056-0c83-432b-91d6-94293906c104,d6619a7a-b036-437c-bc55-4e497ab0fd2e,chat,failed,local_stream_candidate_watchdog_timeout,30001,,,
e62f09ab-4528-4a24-a29c-2bb85b615144,875a3ec7-99ac-4867-8c4e-eecaa95a257f,chat,failed,local_stream_candidate_watchdog_timeout,30002,,,
be8eba87-c747-4027-b1eb-f8f88c83211e,0eb845b0-5be2-4cc1-bb8c-a35683fefcb3,chat,failed,local_stream_candidate_watchdog_timeout,30001,,,
11654e27-c76b-4711-bfca-f5b18566fe10,363c2cfd-690d-4a17-afc8-7e18e6d428db,chat,failed,local_stream_candidate_watchdog_timeout,30002,,,
6d220b00-5a01-421f-84f6-1b096a1d40d2,de448f7a-5bd2-48ad-a632-0697ee0acf62,chat,failed,local_stream_candidate_watchdog_timeout,30001,,,
543cf02b-30de-4f0f-8f77-269742e7a9a6,620c06f5-8e8c-4dec-a428-aedc4ed6fede,chat,failed,local_stream_candidate_watchdog_timeout,30002,,,
5254028d-6e96-4bc4-99e9-41c5a2946594,1fc9a646-ce02-4ecb-aa5e-417114eaf534,chat,failed,local_stream_candidate_watchdog_timeout,30002,,,
10592230-4365-4407-9d0b-60497e8f9b01,da077467-f3aa-4742-ae34-96dabb144504,chat,failed,local_stream_candidate_watchdog_timeout,30001,,,
8b005b9f-a7dc-4ac9-ac8a-aa13f5979592,0b020005-813a-4f01-b7df-4456f0f2aad8,chat,failed,local_stream_candidate_watchdog_timeout,30001,,,
7d6a0193-ec7d-473f-8f91-0f84dc5b4325,7a22f280-66e1-4e93-8ce1-ce8ea4a774a5,chat,failed,local_stream_candidate_watchdog_timeout,30001,,,
a60a35cf-b7bf-450e-8fb6-a6c9eab58335,ceef669c-16fe-4144-916e-710b022fe3a5,chat,failed,local_stream_candidate_watchdog_timeout,30002,,,
40d17fd5-ee73-42c6-8071-4e40fa83ee63,535c8303-6ead-4060-a33c-7920e95557f2,chat,failed,local_stream_candidate_watchdog_timeout,30005,,,
987826da-f0e3-414b-8a08-7b82b5b67c6c,e1acc175-59d5-49f6-bc62-1f53d2bdcbcb,chat,failed,local_stream_candidate_watchdog_timeout,30001,,,
845bc3a5-f8d7-47f8-b7c3-6ec23495ccdc,c6470829-8799-479c-89ec-61374c539a8a,chat,failed,local_stream_candidate_watchdog_timeout,30001,,,
17f0a980-252d-4daa-9f0c-099ce47db6b2,5b8f0210-4b2f-41b7-a2b3-2e4049804b6b,chat,failed,local_stream_candidate_watchdog_timeout,30002,,,
70fc2256-799e-4ceb-87fa-6da3ea687e55,6ce070fd-e9be-4ae0-9dd1-7f1b60943ce6,chat,failed,local_stream_candidate_watchdog_timeout,30002,,,
d096e8e8-0c8b-4cb5-8b2e-86a6e3891c93,db87992f-8ed3-4989-a6cc-04ee2eb0b18e,chat,failed,local_stream_candidate_watchdog_timeout,30001,,,
cecc8812-15a5-49d3-ba37-e7dc05e50769,d4e9efdc-e558-45ab-a900-2144c26476e8,chat,completed,local_stream_candidate_watchdog_timeout,30002,,,
6e3045a1-2604-48ca-b49e-598c2874345b,3782c6f0-1619-4e3f-b3f0-f870ba22a075,chat,failed,local_stream_candidate_watchdog_timeout,30001,,,
3c6f2350-fb3b-4234-bbc3-7d2fe428b947,d2825c41-48c4-48ac-8d83-3aacb0f2876d,chat,failed,local_stream_candidate_watchdog_timeout,30001,,,
d89f4048-e413-4fbb-96a8-9434a849e52e,d28972ad-322d-41eb-9df3-b5e418418e03,chat,failed,local_stream_candidate_watchdog_timeout,30000,,,
ee516efa-a067-415c-9cfa-4e38866882b2,17c2e36c-2f16-4b23-a9ae-9c5c7285830f,chat,failed,local_stream_candidate_watchdog_timeout,30002,,,
b4cb3f24-6b68-4cc8-95f4-538d38c0c27c,136e4840-b7f5-46ec-af40-83b689a8e2cf,chat,failed,local_stream_candidate_watchdog_timeout,30002,,,
97e66fc3-5656-47fb-9b7c-1eb3985562f6,dfb864f6-3b64-42cc-8d76-f6747446b434,chat,completed,local_stream_candidate_watchdog_timeout,30002,,,
098379d9-6c35-43bd-b9c0-047afb682b32,4fde1bfe-d225-4724-a8ec-3036a331029d,chat,completed,local_stream_candidate_watchdog_timeout,30001,,,
f7114086-f04c-4d86-b9b1-dcb8efc67ec0,51088926-f8ab-4a86-a07e-d01dd84e49a5,chat,completed,local_stream_candidate_watchdog_timeout,30000,,,
5f472c7d-a55f-4988-b690-0a2dd71d7995,7be51276-ce9e-4479-9f45-7a09b1c9189d,chat,failed,local_stream_candidate_watchdog_timeout,30000,,,
4f75fc24-cf5c-4751-9517-c49da84e239a,755708e1-f376-4057-b33b-c0e9173017ed,chat,failed,local_stream_candidate_watchdog_timeout,30002,,,
f9252002-d31a-4c43-b462-a0df2e50f637,a58a3d74-0897-4d96-8f6b-6629644738c3,chat,failed,local_stream_candidate_watchdog_timeout,30001,,,
3aecb184-cf7e-4d29-892c-5cb9a32368d1,21d0ba6e-b94a-4959-bda3-61ab72bf87da,chat,failed,local_stream_candidate_watchdog_timeout,30001,,,
013bd2b0-ae26-477e-bd68-572e25c72716,eb23cccd-e8d9-45cb-aa54-00da6ede7d88,chat,failed,local_stream_candidate_watchdog_timeout,30001,,,
92d9c6b0-488a-4179-9910-1b299350c0f2,a1c8731a-e9d2-4d40-a6d7-70230a7f24b6,chat,failed,local_stream_candidate_watchdog_timeout,30001,,,
d68c5527-e6fd-43b6-98d4-8c8091071ba2,813fb056-c08e-4c21-899d-00579f4a8ff1,chat,failed,local_stream_candidate_watchdog_timeout,30001,,,
99ea8c0c-72c1-4147-9346-044c4f5271a9,c717dbd9-02f7-4f26-85c2-122e67aeccd0,chat,failed,local_stream_candidate_watchdog_timeout,30005,,,
51e6e235-6c8b-46ab-8cef-8bdb597a9740,36ea9d24-b202-4eaf-b9db-2068faedce9b,chat,failed,local_stream_candidate_watchdog_timeout,30002,,,
88b0fd8b-45f1-48bd-b132-b951a5e8822c,1446cc98-1b2e-4c65-8cc2-f76ba9e695f5,chat,failed,local_stream_candidate_watchdog_timeout,30002,,,
c37ecccc-f2a3-46ae-9948-dcabcb0e2ede,2ab3dc9a-0e68-4a99-bbbf-52f9c510d42b,chat,failed,local_stream_candidate_watchdog_timeout,30002,,,
c37ecccc-f2a3-46ae-9948-dcabcb0e2ede,2b6361fc-bf67-4bde-9a6c-553cb8b15d81,chat,failed,local_stream_candidate_watchdog_timeout,30000,,,
7732b6fb-f386-447e-989b-55374c9c465e,f4e2355c-5383-4943-8850-5f776c8e3a94,chat,failed,local_stream_candidate_watchdog_timeout,30002,,,
7732b6fb-f386-447e-989b-55374c9c465e,0830587d-32fd-42b6-9ef8-266581dee589,chat,failed,local_stream_candidate_watchdog_timeout,30002,,,
6ddf69e7-46e5-4d91-9458-73094f4270f9,83642a37-148c-45d0-b5d9-b802d3052f33,chat,completed,local_stream_candidate_watchdog_timeout,30001,,,
41dea3ca-c271-4a52-bd04-864186d17166,3eecc2e9-2a96-4026-9444-d2ec45342477,chat,completed,local_stream_candidate_watchdog_timeout,30001,,,
a133ab55-a75c-43d8-9463-56b102ef2f72,8225d775-feec-4c23-86a3-e13e216622ec,chat,completed,local_stream_candidate_watchdog_timeout,30001,,,
49726b9c-df40-463f-ba03-91e3f9e45f01,d67e6ee6-44a5-49c3-bc9c-a90caaa9ee3b,chat,completed,local_stream_candidate_watchdog_timeout,30002,,,
ecd2496d-f73f-445b-8476-9b7173dfa76a,f7d238fc-a752-4eca-a667-912bab5c45cc,chat,completed,local_stream_candidate_watchdog_timeout,30001,,,
61213668-762f-4cd6-a7d9-b2a02115781a,80aa6379-70cb-403f-a262-c9af18c320b9,chat,completed,local_stream_candidate_watchdog_timeout,30002,,,
d2d02903-3e50-40dc-9772-ee068881661f,770594c9-2150-4a58-b3e1-4471747f796b,chat,completed,local_stream_candidate_watchdog_timeout,30003,,,
67818459-7a48-41fa-9b76-0f4753cc0ed4,cd89f5c1-f90b-45c1-ac80-6dd80b1efea0,chat,completed,local_stream_candidate_watchdog_timeout,30003,,,
23956cf8-969e-490b-b75f-5622248f5a39,24134ced-89fa-41ed-b907-743ac531bfd0,chat,completed,local_stream_candidate_watchdog_timeout,30000,,,
1c7e32bf-451b-44d5-baae-8d787916b6fd,d446c833-4169-46df-bb16-db0a569840c2,chat,completed,local_stream_candidate_watchdog_timeout,30003,,,
155d41a5-0276-4292-9798-dc83ef7af93d,14bdf7e9-9f49-4fe1-84ac-bdfcc2b81e8b,chat,completed,local_stream_candidate_watchdog_timeout,30001,,,
19284f9b-5b9c-4d3e-a614-5cfafdd55382,9e366b21-fc04-4a6a-afde-8cf53c71ef32,chat,failed,local_stream_candidate_watchdog_timeout,30002,,,
1576ac9d-2fe9-4fc4-b980-230ad070138a,23358fd3-fb8f-4e36-90a0-78d81faa1ca3,chat,completed,local_stream_candidate_watchdog_timeout,30003,,,
d911472c-0c6d-4950-b011-83dffb1005fe,20e94e80-35c1-4cd5-b18c-be400d4875eb,chat,completed,local_stream_candidate_watchdog_timeout,30002,,,
b01f2dd8-32a4-4e37-b19b-54529e098250,146be1a5-0f79-4147-824d-4f726cd495a9,chat,completed,local_stream_candidate_watchdog_timeout,30002,,,
cebc002b-d157-4aaa-b17c-74016208392e,473fa93b-c4be-4aba-b587-4de4d2cc74e9,chat,completed,local_stream_candidate_watchdog_timeout,30001,,,
5b438c35-785b-4ae3-a2b3-0681f1f0e478,32bae1c4-deaf-4fd2-885c-055325aff30d,chat,failed,local_stream_candidate_watchdog_timeout,30002,,,
5b438c35-785b-4ae3-a2b3-0681f1f0e478,fd75b51f-3379-45de-9e71-bb33aaf72b08,chat,failed,local_stream_candidate_watchdog_timeout,30001,,,
67ceaaec-b51c-42ce-bbe4-376b51d7f929,756fee44-e7fd-49a9-8d1e-559c645a51e3,chat,completed,local_stream_candidate_watchdog_timeout,30001,,,
9158406e-db3b-4e47-814d-3dda16271fe0,0e30d46a-458e-4236-af51-8e9d18eeed11,chat,failed,local_stream_candidate_watchdog_timeout,30001,,,
49922857-69a8-443d-b75c-c941f6273489,ade782b6-cb37-48ce-9db2-e7e2ca810a89,chat,completed,local_stream_candidate_watchdog_timeout,30001,,,
f8a8a94c-5030-462d-9fbd-0ed78ff97e33,24428d45-438b-4bb8-9ab6-3722dac5532c,chat,failed,local_stream_candidate_watchdog_timeout,30003,,,
fd717345-a705-46a1-82db-db3a3f5555ae,6a03764b-5896-4491-8fcd-2a9ea65d16c4,chat,failed,local_stream_candidate_watchdog_timeout,30001,,,
70b85395-5842-438a-accb-cdbf0402cc74,343c42f5-07cf-4272-b392-108c9615b183,chat,failed,local_stream_candidate_watchdog_timeout,30001,,,
6cb2a18f-98eb-4a0a-842c-308dc7b8c959,5759a756-74ba-47cd-8e4f-a2f9d5278aae,chat,failed,local_stream_candidate_watchdog_timeout,30002,,,
a80b92d0-8c0f-4af4-b6c0-32b04553f583,569a85d8-5ad9-4a80-87e3-db35e43b47c9,chat,failed,local_stream_candidate_watchdog_timeout,30002,,,
f6d38343-e2bf-4fb0-938e-179906f58468,27cab878-afdc-4a20-854e-377b12cb5b0d,chat,failed,local_stream_candidate_watchdog_timeout,30002,,,
c030af41-ba8a-4e26-a8fd-6e1622e4a513,d97c2b79-4191-4b1e-be13-3eccd6f51198,chat,failed,local_stream_candidate_watchdog_timeout,30001,,,
325eb093-fc8d-44d1-b98a-da9bd515596c,66f214e2-3499-4ba9-8f16-7f326e72e86d,chat,failed,local_stream_candidate_watchdog_timeout,30002,,,
f4a1520e-47f1-4d11-ba40-da23fb5d6e69,d11fcc26-6401-43e3-88e1-660025f84b4d,chat,failed,local_stream_candidate_watchdog_timeout,30002,,,
35ce5fdd-55df-4ea6-a9b6-4a6b08768f3f,fa16fe06-589b-41de-bf55-9e9ab97c7367,chat,failed,local_stream_candidate_watchdog_timeout,30001,,,
3521fae4-1f12-4899-816d-30eac925eb12,dc91ac18-b6f6-4b8e-8b6e-30e7323b6304,chat,failed,local_stream_candidate_watchdog_timeout,30001,,,
4a0da0de-09f1-46b2-88ef-42e857431279,651e88fb-6fbd-430d-a90f-bdf29a1d2a3a,chat,failed,local_stream_candidate_watchdog_timeout,30001,,,
fffdd47d-aaf8-4cc9-946b-6f4479f784d5,d81c17c9-f22f-45b5-a3c5-a3c1be9b291e,chat,failed,local_stream_candidate_watchdog_timeout,30002,,,
89dfbb3a-33d3-4672-9df0-3e7c8aaec8c7,5bb2df80-39cb-4e8e-a48c-0c5f3ab67554,chat,failed,local_stream_candidate_watchdog_timeout,30002,,,
9db03994-5b82-432c-8343-71f71809ba2f,468bf6e1-8907-4be8-9217-a70eb3c6c815,chat,failed,local_stream_candidate_watchdog_timeout,30002,,,
8d44fd6d-da06-4b4c-a58c-89c7611b706e,18d6d16a-3366-401b-93fa-1bf8b6dcb8df,chat,failed,local_stream_candidate_watchdog_timeout,30001,,,
2d778f73-47e9-49dc-8fb3-39cfdb821ba3,4c89a86e-020c-4dee-b9a8-541513e99058,chat,failed,local_stream_candidate_watchdog_timeout,30002,,,
4e31bbc7-6d01-4f8b-8a16-3db513083577,d05648b9-4f9b-4a8a-ac59-99e3539a701f,chat,failed,local_stream_candidate_watchdog_timeout,30002,,,
78822ada-bfc6-4279-a796-9c73b91699a1,152b9ff3-5ec1-4b8b-a531-87c3653c9d16,chat,failed,local_stream_candidate_watchdog_timeout,30001,,,
248db608-9c54-4b12-b74b-c3f8f670a0cf,3c1a60d0-2b0c-48e2-8753-0356a7e1169d,chat,failed,local_stream_candidate_watchdog_timeout,30002,,,
58024310-e00b-4fea-a1c5-4b5740f62a81,f5f5c161-5c08-4e38-b0b6-a346615ff164,chat,failed,local_stream_candidate_watchdog_timeout,30002,,,
f2e1010f-336e-4cc9-a024-54f2f14a7843,89c3fec3-aba5-4c85-a37b-f9caed2532a8,chat,failed,local_stream_candidate_watchdog_timeout,30002,,,
a9e08dad-3ebc-4f0a-90aa-9afda73ed831,3ea76a3a-1ed9-47f8-bbf3-719df839bf9f,chat,failed,local_stream_candidate_watchdog_timeout,30002,,,
9634673a-1967-4ba9-a09d-523d2e6ccd55,bb8f0ff8-1ef4-431d-bb5a-6ce562219a35,chat,failed,local_stream_candidate_watchdog_timeout,30001,,,
f0da122a-8ef9-4800-8183-897768cef5a2,8e63a9e5-86f8-41cd-9e62-a96f7e115f40,chat,failed,local_stream_candidate_watchdog_timeout,30001,,,
2d980662-305e-4c94-8c8d-6e7b65cd7600,af873d18-f623-4df6-a126-d37cf566b554,chat,failed,local_stream_candidate_watchdog_timeout,30002,,,
0d36e554-dc59-4515-bd3f-cc0667880d77,a06da969-7f6b-4130-9d82-cbd1bdc77442,chat,failed,local_stream_candidate_watchdog_timeout,30001,,,
a482e74a-112b-4e9e-b054-ed5d33633072,1a448b42-8401-4ffa-9e64-3aa65735b8c2,chat,failed,local_stream_candidate_watchdog_timeout,30002,,,
cc950166-f61b-4321-a1ad-3a60878f9ac7,abe7bc24-1c9e-4e2e-a58a-ef2d172f6a9c,chat,failed,local_stream_candidate_watchdog_timeout,30001,,,
bd0e0539-f83c-4eee-b3ce-c1cf901ebd98,43d0161c-22e6-4c12-b8ad-cc993d93040f,chat,failed,local_stream_candidate_watchdog_timeout,30001,,,
7af85a0e-ba51-43ca-a387-1ebe5750e554,8040e61a-9162-4cbc-9ba4-429059b2f28e,chat,failed,local_stream_candidate_watchdog_timeout,30001,,,
f684d719-03f2-4d7f-8472-e96cd1d4a790,c3b3a3a4-7435-4ed5-b05d-30fa374e69fa,chat,completed,local_stream_candidate_watchdog_timeout,30002,,,
51ccce45-34e4-4d18-a044-26cc50446456,e0fc8425-388e-4725-9414-94a559c9e196,chat,failed,local_stream_candidate_watchdog_timeout,30002,,,
a6570a0f-8731-4654-9a0d-db4da8014d10,3fcbc184-1f30-4836-94bc-c6ae6aceeeb8,chat,failed,local_stream_candidate_watchdog_timeout,30001,,,
62fd80ff-12c9-4e7b-8e5f-5899dc174ef8,1a3816b7-de02-4e72-a535-d69ecaedcad2,chat,failed,local_stream_candidate_watchdog_timeout,30001,,,
79ac1001-84e5-451e-b4b4-65e76ba05e09,7654da2d-433f-4f05-a16c-237655dc14ce,chat,failed,local_stream_candidate_watchdog_timeout,30002,,,
77ab80ba-868e-406e-9687-d9f72209e5f9,cfb54022-35a7-45f7-a3e0-efdb751be608,chat,failed,local_stream_candidate_watchdog_timeout,30001,,,
1cd1f5fc-e3e7-47bb-a07a-18847e7d127d,b7d628c5-7528-460f-9c0b-b8b1793f6ee4,chat,failed,local_stream_candidate_watchdog_timeout,30002,,,
84fbe6af-29eb-490e-8d64-822a66c79d65,01d4a008-e51e-4a7c-b5dd-74d8301f29db,chat,failed,local_stream_candidate_watchdog_timeout,30001,,,
0c836d7b-9394-4d88-b84e-5db4a95ba49e,c5c1b86c-a547-4bf2-bffb-17dfff800acd,chat,failed,local_stream_candidate_watchdog_timeout,30001,,,
7eb4cebd-ac2c-4bf9-906f-c7690e5a6299,fac0050f-bb07-4586-b02f-4fac6d6d91e0,chat,failed,local_stream_candidate_watchdog_timeout,30001,,,
cefa33b1-8b7a-4424-b324-1e28e58ee5dc,a2eb8c5e-8b10-4398-a9a3-87a3d6315dca,chat,failed,local_stream_candidate_watchdog_timeout,30002,,,
fab004de-dec8-497e-bc77-89561bb36429,2c984795-b6b7-4759-9596-733e3d3255cb,chat,failed,local_stream_candidate_watchdog_timeout,30002,,,
ef9fbda0-8468-4a5a-8c29-bc2e0aa5af61,e02a41b6-1215-4e15-b5ac-55208c9abe25,chat,failed,local_stream_candidate_watchdog_timeout,30002,,,
615b9e73-95a8-4f9a-b889-b82c20e1130b,21cb1599-dbd6-4e49-8f40-d95b443d759c,chat,failed,local_stream_candidate_watchdog_timeout,30001,,,
6f71d2e5-3791-42a5-b65a-97ab97f58bb5,012c76ed-b9da-4082-8706-a90cb2a14628,chat,failed,local_stream_candidate_watchdog_timeout,30002,,,
47201fa3-77f0-45c9-a43e-ea79758bc97e,9bdfedbb-08ad-4bd2-ad87-54b2b068ec61,chat,failed,local_stream_candidate_watchdog_timeout,30001,,,
52dff911-e8fd-4219-bcaa-485f66df99ff,9c58250a-775b-42c5-9961-a80168e8f085,chat,failed,local_stream_candidate_watchdog_timeout,30001,,,
f751a7b2-f778-41e1-827e-34cac2958d6d,5dc93b45-a902-45b3-abe6-cf2d4b10255c,chat,failed,local_stream_candidate_watchdog_timeout,30001,,,
bc03ea7d-e7d8-4afd-bd2e-1f53974cef5f,6453c1f4-8358-4aff-a239-e9f8b91a7131,chat,failed,local_stream_candidate_watchdog_timeout,30002,,,
2a752d06-cd6c-4ef2-851e-21f581fa0caa,cd028dbf-4d10-47f3-a3db-f441522e31e8,chat,failed,local_stream_candidate_watchdog_timeout,30002,,,
2b1af876-3c90-43c8-8e30-85b52e9a9280,d87f2dd2-3321-4435-b177-7332aea344f8,chat,failed,local_stream_candidate_watchdog_timeout,30000,,,
824705da-d2e1-4790-afda-fe8b4fb91e98,fe9c2c25-62e6-433c-8ef2-f67cbd8ed20c,chat,failed,local_stream_candidate_watchdog_timeout,30002,,,
9049296c-f3bf-479f-a1f5-787b64400dca,bf908fd9-4f16-475e-8457-9e9a5fb865fe,chat,failed,local_stream_candidate_watchdog_timeout,30001,,,
2e923a44-2a09-47df-aa51-84bdff10587c,30b3690c-1af8-425a-83bd-2ddc52e85a43,chat,failed,local_stream_candidate_watchdog_timeout,30001,,,
02664ead-e155-45d9-a049-2c47d506b669,e5d0fc0b-b307-4acc-b2ae-b5b16ff766bf,chat,failed,local_stream_candidate_watchdog_timeout,30001,,,
31cc7a0c-76fa-468a-a8cc-de5d5600428a,209f99b6-fc0c-42a5-8935-93039a1dd046,chat,failed,local_stream_candidate_watchdog_timeout,30001,,,
6ee6d1bb-39a0-4964-8e03-de58614cfe91,017738b2-43f9-4a05-a902-27d0780da8c1,chat,failed,local_stream_candidate_watchdog_timeout,30002,,,
45de8127-ba4b-4233-8642-3bd80790772b,334cdfcf-e2b9-4871-a88f-210f33d0e93e,chat,failed,local_stream_candidate_watchdog_timeout,30001,,,
b034c177-9616-4bd8-b9ba-d148dee31b10,20cb1bc8-ed09-46a8-a8db-a27481e51443,chat,failed,local_stream_candidate_watchdog_timeout,30001,,,
29b82a2d-6b6c-42a2-b37a-0fd9b425bece,a6857233-2357-445b-b39e-8c800e253ca6,chat,failed,local_stream_candidate_watchdog_timeout,30002,,,
a14fe24e-8a35-4ac0-955d-4e0548034d55,4a5792c6-bb15-4765-b72a-6391586ea3dc,chat,failed,local_stream_candidate_watchdog_timeout,30002,,,
e089e160-6bc3-4d6d-a874-5768394ad194,fa38f71b-2b0f-45f3-9e13-eb3cddd3f5cd,chat,failed,local_stream_candidate_watchdog_timeout,30002,,,
8458b8b8-2813-4689-8f09-a2bedf330568,f8980aad-63ed-4bab-9180-7c4c8929a246,chat,failed,local_stream_candidate_watchdog_timeout,30001,,,
0435aef1-d886-422a-8e6d-38a2cfa88f40,c12f9c53-daa5-4171-aa6d-3bf52d47a152,chat,failed,local_stream_candidate_watchdog_timeout,30001,,,
f1abdf6e-efe1-4a69-9507-f09b9d0cb7a1,39b8aba0-c9e8-4f7e-a171-eb6ea1e3f977,chat,completed,local_stream_candidate_watchdog_timeout,30002,,,
07d0cea4-b7d5-4925-aa78-cc190387c1fb,fa1cb089-c2eb-4b75-a56e-d23775daaf93,chat,failed,local_stream_candidate_watchdog_timeout,30001,,,
847ac81b-a414-4862-920f-be06e4aff27f,30727986-059e-40c3-949c-c04188ae286c,chat,failed,local_stream_candidate_watchdog_timeout,30000,,,
1c8ae2ff-aea6-447a-ac16-8b22e42c6adf,7ad3aa08-d1d2-4ec8-92c7-b4c67097971b,chat,failed,local_stream_candidate_watchdog_timeout,30002,,,
fa859125-c500-490a-8c94-539a9b7576f8,7533cb7f-f5d1-4dfa-bff8-362de76b21e6,chat,failed,local_stream_candidate_watchdog_timeout,30000,,,
5306135b-cad9-4b1c-baf4-392ec3d784d7,09d8cdfd-6f07-4d70-94f5-5601b1042119,chat,failed,local_stream_candidate_watchdog_timeout,30002,,,
a64eddca-677b-4097-b8b4-a81363ae9ae9,a0704cd0-6fbe-4231-9389-3f7f1cea1579,chat,failed,local_stream_candidate_watchdog_timeout,30002,,,
bb6c9fd4-7c7c-4349-8fb3-4003177c94bf,fb590854-e61d-4b24-8fb3-ce676fb5b839,chat,failed,local_stream_candidate_watchdog_timeout,30001,,,
2f35a413-19bb-4247-a40d-45001ed8a89d,7a20b619-f7ec-481f-9af1-b658b5526417,chat,failed,local_stream_candidate_watchdog_timeout,30001,,,
2ccc09f6-4b13-45d0-b060-8321ecc19771,ae0d3acc-1f63-4938-bb4d-2833040291b0,chat,failed,local_stream_candidate_watchdog_timeout,30002,,,
1db74f78-595e-4898-a5fa-4be60473754c,fe3f283f-04b1-4860-ba28-28806675a5fa,chat,failed,local_stream_candidate_watchdog_timeout,30002,,,
6b5c2a62-3c30-43be-8196-2fdd991634f7,d282e0ae-26e0-445e-aecb-f0d9cda2fa91,chat,failed,local_stream_candidate_watchdog_timeout,30001,,,
eeecb9b3-8ab1-4164-bd1c-2ee51922a849,aac06a39-76d4-4dca-ab31-dbf9c0b4c224,chat,failed,local_stream_candidate_watchdog_timeout,30003,,,
8b8deec3-d7a4-4a7e-9e33-5b2bd35bfa58,7bcbf1ee-d7af-4f7c-8098-126354b9b4d9,chat,failed,local_stream_candidate_watchdog_timeout,30000,,,
8bcbb1c4-62f9-418a-80be-94fb88c39938,eaf25728-af0d-4494-8e0c-8592b26e00df,chat,failed,local_stream_candidate_watchdog_timeout,30002,,,
7a3c827b-532b-4187-a5c9-d6747d2576d1,1f30276d-ff17-4024-9f32-b72a7debb017,chat,failed,local_stream_candidate_watchdog_timeout,30002,,,
c8d53bdc-5d1c-40f5-9136-d7466d799d82,626d5504-f569-482a-b0b4-609ef6dd7ba7,chat,failed,local_stream_candidate_watchdog_timeout,30003,,,
4e0b4b87-3309-41d1-988a-fe9123530c38,3aa71ad2-9936-44ff-8338-9d550cd81106,chat,failed,local_stream_candidate_watchdog_timeout,30002,,,
c752535c-3304-4098-a19d-afdc38519a3a,ad8ddd91-0881-4546-90ca-8d2eee0c9db4,chat,failed,local_stream_candidate_watchdog_timeout,30002,,,
19339f2c-b80a-4f58-a063-b63351a68c2e,9093a5da-56c4-46ce-ae92-6d0ae9777af5,chat,failed,local_stream_candidate_watchdog_timeout,30001,,,
77215de9-634b-4827-b53a-c1b4f5ea343b,080b089a-0771-43fc-8e66-2901703fa6c4,chat,failed,local_stream_candidate_watchdog_timeout,30002,,,
ca12a04b-5a35-4113-982b-d720f5d73d3d,374a9891-e4d8-4263-a3c5-df1d30645814,chat,failed,local_stream_candidate_watchdog_timeout,30002,,,
4067125a-ec69-49b4-8576-73768b9c1a0b,6edb056c-b932-41bd-ad25-10abeaab8dc0,compact,failed,local_stream_candidate_watchdog_timeout,30002,,,
40186be5-c749-463b-8ebe-6eac29e57443,299d0569-e57a-41dd-bf20-abe8ac5ccb74,compact,failed,local_stream_candidate_watchdog_timeout,30001,,,
7a64074c-2447-45fd-b4c1-22e69675966d,1fe24f7c-81b9-437f-985b-1eeec259bb2b,chat,failed,local_stream_candidate_watchdog_timeout,30002,,,
8bd89723-f348-4f65-8695-e5a4e8b9648b,88d04dc7-69db-4b76-b011-a6b6d8efc11e,chat,failed,local_stream_candidate_watchdog_timeout,30001,,,
36671187-43c9-4f35-99ca-054d067a7ae3,d0e5edfe-672f-4574-b15d-3f00c01d92e5,chat,failed,local_stream_candidate_watchdog_timeout,30001,,,
b86c856b-fdd7-434b-aaf6-2386e3b83602,e0774ef0-cca0-4d7c-8a0d-27ff315e62b7,chat,failed,local_stream_candidate_watchdog_timeout,30001,,,
32703251-1b24-42e4-bc57-5727e5b12eda,888a3a66-1aa7-41bd-9f25-3be76fbf8741,chat,failed,local_stream_candidate_watchdog_timeout,30000,,,
1d81cd16-b691-42d2-8b8d-a6ae9a223f01,af60e32e-ac3d-4088-99a4-0e21cc01fe02,chat,failed,local_stream_candidate_watchdog_timeout,30002,,,
ea355b35-2824-4bc8-98f4-6a05c0e85cf0,a2e5dcf3-fd3c-4cd2-b826-3c39864e939e,chat,failed,local_stream_candidate_watchdog_timeout,30001,,,
b9be0cd3-6e7e-41ee-af24-dd3ed7f9780d,b0a865ac-405b-4f74-94fe-59ed33072351,chat,failed,local_stream_candidate_watchdog_timeout,30002,,,
95a4a34a-11f0-4db5-9350-a4d330f2f69c,2f2ca696-37c4-4e8a-bb65-8422586b278b,chat,failed,local_stream_candidate_watchdog_timeout,30000,,,
d47a6192-10a9-4b88-ad71-12aacf1b7976,d0762cf7-3c33-450b-afce-b02a3b683b51,chat,failed,local_stream_candidate_watchdog_timeout,30001,,,
d153e4e2-2413-4cb5-ad5b-24e6d7ae5501,c0f034ee-7fa5-4197-b081-adc6029697c1,chat,failed,local_stream_candidate_watchdog_timeout,30002,,,
d7c4e747-b60e-453a-ab79-0b22cd90361c,4117ab3c-9e25-4d3a-9034-919d022239af,chat,failed,local_stream_candidate_watchdog_timeout,30002,,,
619833e1-a8e9-40e7-ab61-1f886d70deff,0748ac72-2dad-40c0-95a2-5634503dcb9f,chat,failed,local_stream_candidate_watchdog_timeout,30001,,,
ef23253b-0848-4eb1-b8d0-47459a1bf1d1,c0ac92a8-0fcf-4939-ac83-9b62c47e5c73,chat,failed,local_stream_candidate_watchdog_timeout,30001,,,
3ad40a6b-664f-40eb-9ce3-ac1ac3a152ba,7ee18c55-f370-4de1-938f-c52d65018b68,chat,failed,local_stream_candidate_watchdog_timeout,30002,,,
54c25009-85bd-47cb-96c9-370a7297afc4,200c1615-ad4c-47fe-8ca6-d3c69054085c,chat,failed,local_stream_candidate_watchdog_timeout,30002,,,
0d56de9b-fb06-4b56-af73-946c26b70ba7,b255f167-1d1f-4d51-9722-c620784d9aa5,chat,failed,local_stream_candidate_watchdog_timeout,30000,,,
cccb74c9-ffc5-4684-9677-e9c9e9f07596,6149e577-21e4-40b4-8132-59c3a3931899,chat,failed,local_stream_candidate_watchdog_timeout,30002,,,
ec3c976b-38e3-49e0-b209-68711e41695a,097143de-fb14-46ff-a588-f8fa20be00f8,chat,failed,local_stream_candidate_watchdog_timeout,30002,,,
12d77404-660c-48d6-8663-9ae5294d3a5b,999da198-ac98-49a1-b12b-6d808546a895,chat,failed,local_stream_candidate_watchdog_timeout,30001,,,
572f1480-6a68-446d-8a37-b4fc9285193f,0087098f-a656-492d-bac6-9864950fdb8e,chat,failed,local_stream_candidate_watchdog_timeout,30001,,,
df40e5e8-95d6-45e4-8399-cc42411fc2f0,f7a10c1d-a9ce-4b47-b8af-1ac65d626559,chat,failed,local_stream_candidate_watchdog_timeout,30002,,,
2e2690bd-53a2-426a-b093-952f014b8234,ca15d9da-e4e0-4952-97e3-54dd35bed644,chat,failed,local_stream_candidate_watchdog_timeout,30001,,,
64bfaa07-e267-4f47-805c-0d834d134c83,01c0975e-dc2e-452b-b38f-aa5f6f59137d,chat,failed,local_stream_candidate_watchdog_timeout,30002,,,
8b394817-3a9e-493e-a135-8d677f9a71eb,c10b1bd7-54ae-4eac-88dd-cdf530c2c6c4,chat,failed,local_stream_candidate_watchdog_timeout,30001,,,
e187d147-181c-449e-a848-98f5e3315156,741de78a-09c7-4a1c-99c2-45d70f8a76a1,chat,failed,local_stream_candidate_watchdog_timeout,30002,,,
5bd32965-9bf4-4e88-adc2-898e0e085638,07edf848-d629-4382-ace7-4fa40f02d3e9,chat,failed,local_stream_candidate_watchdog_timeout,30000,,,
d04e9b8a-739f-46e6-984c-31f2cec06f47,2d5adebd-e140-4fed-a5c6-8e202738dcbe,chat,failed,local_stream_candidate_watchdog_timeout,30002,,,
5b79c3a2-56b7-4896-a750-6b690f003465,c7d89a26-8ad0-4a09-8d7c-01d175787a95,chat,failed,local_stream_candidate_watchdog_timeout,30002,,,
de7177cd-6cb6-400a-91ca-da1f3244d9b6,78e6dfa7-f81e-41b3-9999-cc0ae3953c52,chat,failed,local_stream_candidate_watchdog_timeout,30001,,,
0d8246b1-cffb-493d-815f-089c36323d9c,edd6f4a6-6283-4f00-ab9f-b39a0b6ce8d5,chat,failed,local_stream_candidate_watchdog_timeout,30001,,,
ed0d1f7f-9075-4356-9ca2-eae9897ae5d5,5734e11f-1699-469b-aeea-a0cbed0f0a3e,chat,failed,local_stream_candidate_watchdog_timeout,30002,,,
a99de5e9-a384-4bb6-a998-6d45fa422518,fe32c8d4-5be8-40b7-a607-77aa65219af7,chat,failed,local_stream_candidate_watchdog_timeout,30002,,,
5333d62c-ef70-4dc6-a240-8c29712f4c24,0716bb11-6185-4505-8566-941153b70b59,chat,failed,local_stream_candidate_watchdog_timeout,30001,,,
1c9f6dbb-1ed7-4b01-b35a-4409f93f6d01,6e0e32aa-a25a-417b-b082-7e4039db1829,chat,failed,local_stream_candidate_watchdog_timeout,30001,,,
2e5d16be-d35a-4b81-b035-38b4bd7cc1f2,abb3a937-5887-41e8-b647-8a7c585c1101,chat,failed,local_stream_candidate_watchdog_timeout,30002,,,
19e82f73-3670-4e0e-8041-c09dd1f0e85c,a5a5d7c5-8531-4161-a540-15ee6b12d435,chat,failed,local_stream_candidate_watchdog_timeout,30001,,,
dc542ddf-0ac8-4f4b-b50a-bef044febcc6,f978b63a-6c69-40a0-b4a0-cc188c4c67ac,chat,failed,local_stream_candidate_watchdog_timeout,30002,,,
f0516cb5-09e0-492c-8ab7-dc08b09a18f1,81c2b337-a4d7-4c77-92cd-52085e21e18c,chat,failed,local_stream_candidate_watchdog_timeout,30002,,,
19f1b373-f77b-42b6-a15f-9b203b447195,9f7dd96b-c9f2-49bf-9ab7-a2709abba5f9,chat,failed,local_stream_candidate_watchdog_timeout,30002,,,
88a7ca9d-4b4a-4343-9c96-5282c83a186d,8794ca1e-55ab-4a24-9bea-c1021b8ccbf8,chat,failed,local_stream_candidate_watchdog_timeout,30001,,,
27b7a7a0-dabb-460b-b007-0367c766d298,aa4d2549-7f81-44ad-bd79-03d4204e2b45,chat,failed,local_stream_candidate_watchdog_timeout,30002,,,
9d6218dc-e82e-465f-b019-938baf7c1f85,8e28a714-1e03-42d4-8afe-e2b89b39e236,chat,failed,local_stream_candidate_watchdog_timeout,30001,,,
8b5b2169-9b5f-4cb9-83ef-de75b2f5e3e7,53b3ce79-2f9b-4c1c-9376-198ffb25f969,chat,failed,local_stream_candidate_watchdog_timeout,30002,,,
c25330ce-8668-4667-8b6b-9fa12f481992,b877de7f-ab17-4f97-afc8-a06a0300ac9e,chat,failed,local_stream_candidate_watchdog_timeout,30001,,,
1ec4a3e3-9207-4ada-bb02-15647f549c48,fb9c04ff-a062-4804-bbb6-f5666fea1abc,chat,failed,local_stream_candidate_watchdog_timeout,30001,,,
fd0ec419-293b-48ef-b320-6923c87c36ba,24f98834-ff8c-407a-8f95-22b517943038,chat,failed,local_stream_candidate_watchdog_timeout,30002,,,
5554cbfd-4957-42f7-97d8-5da06dc1527d,035c01cf-3d6f-4a0d-b127-2619223447d2,chat,failed,local_stream_candidate_watchdog_timeout,30001,,,
710470de-9d25-458f-809e-8d489da0985f,210c82bc-f8fe-4261-9965-d91061362fa5,chat,failed,local_stream_candidate_watchdog_timeout,30002,,,
806321b2-32bf-4f15-8197-fac8d0edcdbc,54ac9e21-3782-4fd9-bf96-400b2a6b263b,chat,failed,local_stream_candidate_watchdog_timeout,30001,,,
a40a8b60-e937-45de-8a4d-71e2c1dad244,2b3f9aa7-a5cd-486e-8343-d2ff1e6b4fda,chat,failed,local_stream_candidate_watchdog_timeout,30003,,,
78e878f6-8206-4cf6-8f5d-7378c3010492,dbae2522-f119-406e-89b5-98a28a8d0587,chat,failed,local_stream_candidate_watchdog_timeout,30001,,,
57d761f0-4fc4-4fb5-b295-ce4656ad5cc4,c4447969-a14e-44de-a784-7ae1d2f50450,chat,failed,local_stream_candidate_watchdog_timeout,30001,,,
6c2796cf-9df2-4672-949c-86bd26bf8d0b,866edb17-90eb-41a1-b86f-bd67818d8b93,chat,failed,local_stream_candidate_watchdog_timeout,30001,,,
fbaecdea-6f97-4ee3-b974-80e7179ff811,9ef85597-f21c-4895-8fa9-8c2e5777b47a,chat,failed,local_stream_candidate_watchdog_timeout,30002,,,
341520f5-6eb7-4fc3-83da-86bdc9088cb7,747923d9-6ac2-4d61-b04b-6caca057e32a,chat,failed,local_stream_candidate_watchdog_timeout,30002,,,
af4f6a5b-6569-4f29-b5de-4408b426f08b,2df8a227-db42-42e4-b63d-81127e34b247,chat,failed,local_stream_candidate_watchdog_timeout,30000,,,
a0598672-e7f6-487f-a831-56fbedd8305e,58a01a30-68e0-492a-9ccc-1543093958ea,chat,failed,local_stream_candidate_watchdog_timeout,30002,,,
7ea8a475-7a7a-4dfd-8992-b120fa8e8615,7ba725d5-3d54-4b51-bfb4-d2d4c2908ecd,chat,failed,local_stream_candidate_watchdog_timeout,30001,,,
da237587-db1b-4499-9d00-9cb1b08a91cc,395d24d0-4439-4c6a-8f27-8868c3de9e2c,chat,failed,local_stream_candidate_watchdog_timeout,30001,,,
7f015399-7b76-4a7c-84c0-fe6df59223c1,265bfacb-de97-497f-ad09-55a471f3069b,chat,failed,local_stream_candidate_watchdog_timeout,30002,,,
27ad4ee6-1a87-42a0-8ddc-9e9a98ae3a09,ced158c4-057a-4a1b-9085-ec87c269db49,chat,failed,local_stream_candidate_watchdog_timeout,30000,,,
817ade27-3538-4d7a-aa3f-edaf8ccb9f48,3984a3f3-fc8c-488f-a4c9-1049a9cbbdd7,chat,failed,local_stream_candidate_watchdog_timeout,30001,,,
60921b06-89fd-4a15-8572-6fe3cca59882,862c797f-07fb-4531-971a-0eaec6dd4e0f,chat,failed,local_stream_candidate_watchdog_timeout,30001,,,
960d8eef-5ff1-41c2-bc8d-868292d0be48,4c0680d0-5b72-4321-a535-219c36335827,chat,failed,local_stream_candidate_watchdog_timeout,30002,,,
a6fdf6db-be84-4786-b472-c7fcf1b9ccab,b0c234fd-2784-4fde-a643-6201cbb58d88,chat,failed,local_stream_candidate_watchdog_timeout,30002,,,
e06caa56-404e-41b8-98d3-4ba9e9195c52,3a821338-1dd9-4f7a-9519-0e1ad117afd3,chat,failed,local_stream_candidate_watchdog_timeout,30002,,,
442af943-cb4a-41dd-aef9-3e3bfc079a56,2a87921c-e51c-4673-ae2d-1f9dd325d962,chat,failed,local_stream_candidate_watchdog_timeout,30001,,,
eb1618b0-75cb-420c-b09f-dcb079273596,3fca9169-3b45-4c46-aa4a-ea649f165628,chat,failed,local_stream_candidate_watchdog_timeout,30002,,,
f0a7edd0-7a53-4ab8-852a-afdfcd63fe4a,4d584fcc-da83-4a50-a7bf-21b85e7c5f44,chat,failed,local_stream_candidate_watchdog_timeout,30001,,,
7a1ede57-40f6-4d28-8912-c190f77022b0,e275f0e9-dab7-4d52-bd3e-c110c57b1051,chat,failed,local_stream_candidate_watchdog_timeout,30001,,,
06ea1127-97bf-496e-962c-b9288ef6a537,34a9bf71-fd11-4337-9f5c-d3bb1650e398,chat,failed,local_stream_candidate_watchdog_timeout,30002,,,
4f0b6d06-ceb9-4774-aa43-21a0b3f3c0ec,22667852-6323-4fef-9162-428f2a1787ab,chat,failed,local_stream_candidate_watchdog_timeout,30001,,,
334f89db-b9c0-448a-8b2c-1a4a824f0347,7bf40920-1b46-478b-852c-5832dae7b1e2,chat,failed,local_stream_candidate_watchdog_timeout,30001,,,
902a80c9-3211-4d49-88d6-7083fcdff8bc,40609dde-c035-41a0-87ee-837124059925,chat,failed,local_stream_candidate_watchdog_timeout,30000,,,
f19bd780-aa59-4ddd-a623-d01ec9811d08,7f52b9d5-b6f8-443c-add7-05464c9a84e9,chat,failed,local_stream_candidate_watchdog_timeout,30001,,,
c7a9c077-bc23-4fed-8a59-3f8121e0328f,48da4946-bd8a-4286-ae24-abec0a23d479,chat,failed,local_stream_candidate_watchdog_timeout,30003,,,
478bd211-e554-49e2-89ba-a2b6f72eda93,446fa671-07b2-40ab-9fc0-5cb74facf8be,chat,failed,local_stream_candidate_watchdog_timeout,30003,,,
7b7467cc-a32c-46c8-98d5-df534c29b49d,7f4b29cf-bf3c-4f7c-98c7-c392e40f8193,chat,failed,local_stream_candidate_watchdog_timeout,30003,,,
66999ef5-7db2-44da-ad0c-db93703e30b5,65243f2e-b282-4076-bc32-8ad4dad268ef,chat,failed,local_stream_candidate_watchdog_timeout,30003,,,
a7ace79f-0f01-4f33-a432-07d12576f4a7,4469490d-5cc5-43ea-b1c4-de8d5747e331,chat,failed,local_stream_candidate_watchdog_timeout,30002,,,
cf84c892-96bc-4679-8980-514e26ee10ac,bba1534a-99ae-475e-90aa-412b298eb3f3,chat,failed,local_stream_candidate_watchdog_timeout,30001,,,
3aa319ee-3b2d-4b1d-8d2b-b2886be855b8,9d14d23b-4362-4e04-938d-1cf6048194fb,chat,failed,local_stream_candidate_watchdog_timeout,30002,,,
e38baf92-1cd2-4d35-a9a0-ed73133246f3,d64927aa-a934-412a-8fe9-ec0b93f358e1,chat,failed,local_stream_candidate_watchdog_timeout,30002,,,
dadd04c1-dcfc-4218-99fe-a8976146bbfa,4aa674bd-180f-42b2-aac2-2862b82f8eaf,chat,failed,local_stream_candidate_watchdog_timeout,30002,,,
4c52b505-6e80-485c-a922-04319ab8d1b2,870ee086-a078-4ea8-9507-e0a95aa71dd7,chat,failed,local_stream_candidate_watchdog_timeout,30001,,,
5ccbd7f4-e2e5-472d-8bb1-2cc36a52a7f8,f88df9f9-4189-429b-b88a-1bcf470a715d,chat,completed,local_stream_candidate_watchdog_timeout,30002,,,
05675fcd-521e-4061-8aa1-68ff7023c3bb,6e306b05-0fec-4de8-afa8-3b0ae364a5b5,chat,completed,local_stream_candidate_watchdog_timeout,30002,,,
023ed691-fe48-474c-9872-70093a8bafca,92d16ed2-eea2-40f3-a094-2f24fabe0bfd,chat,failed,local_stream_candidate_watchdog_timeout,30001,,,
9a5641c1-595c-44a1-b0f5-b3904d60e0c7,6061e276-c624-457c-825d-55f2b4b470f7,chat,failed,local_stream_candidate_watchdog_timeout,30002,,,
71b52909-05ce-48df-9ffa-a8372977666f,1faa7a7e-60aa-4b14-9f18-90a13735fd32,chat,failed,local_stream_candidate_watchdog_timeout,30001,,,
782c9e4a-5c6e-46c5-9cc2-1dccdfd88cc9,734a1532-eed6-4930-acf4-0f4cafe1fda2,chat,failed,local_stream_candidate_watchdog_timeout,30005,,,
45c11482-bcb8-4396-9851-bbb675b151f6,3452e3f6-b7dc-4b17-b8dc-b8bf3d21c0bd,chat,failed,local_stream_candidate_watchdog_timeout,30001,,,
ad4e9ad7-5586-47f5-941c-8b0914b6b8f8,d697fb3b-dd32-46dd-b6ed-5934ff90e988,chat,failed,local_stream_candidate_watchdog_timeout,30002,,,
20a6e1cf-a408-48e0-a947-ddee78f76876,378c2862-e3af-490e-96e8-417d6cf091c1,chat,failed,local_stream_candidate_watchdog_timeout,30002,,,
bcdd882f-ece1-4c0d-b597-6636d5028f91,99bc37df-724a-4512-bea1-b5a4e142a075,chat,failed,local_stream_candidate_watchdog_timeout,30003,,,
a56d29c5-e8a1-431b-aa5c-f69f171a3ca0,952d19ed-5c0f-4edf-bd8a-63782246d0d6,chat,failed,local_stream_candidate_watchdog_timeout,30003,,,
a1672ed8-9dbb-4807-84c6-d6f1ccf308c6,301554e2-0912-4d42-8a5f-74e59df9e071,chat,failed,local_stream_candidate_watchdog_timeout,30002,,,
54fef06c-b33e-43ed-a445-405db50513a3,2faf39cf-2fdd-41bb-b88f-295b6edc1629,chat,failed,local_stream_candidate_watchdog_timeout,30003,,,
4545c911-6b4d-4d39-ac0e-3af0c61ee0c5,06a4b4bf-efbe-4ebe-9e01-d2bc11df5e3d,chat,failed,local_stream_candidate_watchdog_timeout,30002,,,
936e94ea-4845-43e3-b3fd-afe9b607f38f,b2a65544-27b0-40d5-a9a2-ec3cf0537496,chat,failed,local_stream_candidate_watchdog_timeout,30002,,,
42e0c7c8-a87d-4381-b0d7-00c4fa869538,88c4aae8-7cd8-4937-829c-1148be606539,chat,failed,local_stream_candidate_watchdog_timeout,30001,,,
cc241d10-b5fa-444f-86fa-9f6a55f3d1df,6e16bf2b-5be5-4a07-b490-b22bd27bb02c,chat,failed,local_stream_candidate_watchdog_timeout,30005,,,
6512d5ec-2c11-4a4a-8c3e-b94f2d4f4951,3c72fc9b-6330-47c0-a69c-f83046374f68,chat,failed,local_stream_candidate_watchdog_timeout,30003,,,
4f06cca6-8717-4f1b-adfa-cbbe1b3f63cc,ab509e88-1690-44be-a210-9a099f38115b,chat,failed,local_stream_candidate_watchdog_timeout,30004,,,
b70ec21f-f362-4ab0-92b8-cc6f99efbfdf,01600e79-ce82-4669-bf8b-e66256390d10,chat,failed,local_stream_candidate_watchdog_timeout,34004,,,
480e6567-30e1-4d29-9f02-f9b7dbc168fa,2d7ef98a-7d49-4495-bd03-d547de3633fc,chat,failed,local_stream_candidate_watchdog_timeout,34005,,,
768bae1b-b873-424c-b353-7760ec0133c6,d2992421-9939-42c2-9a6a-ac6c70cb8946,chat,failed,local_stream_candidate_watchdog_timeout,34006,,,
a5a9fa9e-824c-47f3-9089-0fa413268653,e170ac92-d2d9-482c-865e-30058565e6b9,compact,failed,local_stream_candidate_watchdog_timeout,30005,9578,200,aether-gateway.2026-09-14.log:11596
a5a9fa9e-824c-47f3-9089-0fa413268653,14a0abb1-c4be-4da9-a906-dcd7a4513280,compact,failed,local_stream_candidate_watchdog_timeout,30007,6767,200,aether-gateway.2026-09-14.log:11642
ced50ac4-a599-4f86-befd-7235cfe7eb6c,80be6339-fef0-491b-80ea-7611e4b0f9f4,compact,failed,local_stream_candidate_watchdog_timeout,30005,10827,200,aether-gateway.2026-09-14.log:11667
ced50ac4-a599-4f86-befd-7235cfe7eb6c,f5181e94-0385-46e2-bfd4-c7b7361fdc37,compact,failed,local_stream_candidate_watchdog_timeout,30010,5277,200,aether-gateway.2026-09-14.log:11687
b6c8f156-1a90-4837-b7b0-4b28d9bd409c,2dd2730a-e534-4270-a3b9-00a20b59950a,compact,failed,local_stream_candidate_watchdog_timeout,30007,5463,200,aether-gateway.2026-09-14.log:11700
6b2e28eb-3f20-4a34-8df2-359bc2fedae7,c89ee561-b931-4c78-8898-f2c9f1138143,compact,failed,local_stream_candidate_watchdog_timeout,30007,8033,200,aether-gateway.2026-09-14.log:11710
6b2e28eb-3f20-4a34-8df2-359bc2fedae7,ac09011d-1fbb-4ad5-88b8-b055b5165042,compact,failed,local_stream_candidate_watchdog_timeout,30009,7135,200,aether-gateway.2026-09-14.log:11717
6b2e28eb-3f20-4a34-8df2-359bc2fedae7,12f4647c-8e6a-4b86-ba8c-3108ceb952ab,compact,failed,stream_failover_budget_exhausted,29106,11917,200,aether-gateway.2026-09-14.log:11720
f123f8ef-c0d0-469c-9af2-c6f987c2335f,703a8732-5d3c-42d3-a56a-294a5597d5d3,compact,failed,local_stream_candidate_watchdog_timeout,30008,6127,200,aether-gateway.2026-09-14.log:11759
f7767dee-bff6-4ceb-a0d3-ef027a48ea17,ad4c855b-c47b-4669-b929-b245f5505eec,compact,failed,local_stream_candidate_watchdog_timeout,30006,5271,200,aether-gateway.2026-09-14.log:11790
f7767dee-bff6-4ceb-a0d3-ef027a48ea17,335a5b2c-3c95-4a44-9e68-fa643bb47c56,compact,failed,local_stream_candidate_watchdog_timeout,30007,4159,200,aether-gateway.2026-09-14.log:11826
7d537532-8519-4046-b372-d9d3e2d9602d,3281aac8-4785-48af-a75f-6132388c6e66,compact,failed,local_stream_candidate_watchdog_timeout,30006,6242,200,aether-gateway.2026-09-14.log:11838
7d537532-8519-4046-b372-d9d3e2d9602d,0883a97f-abbf-4a77-b757-24881195de9d,compact,failed,local_stream_candidate_watchdog_timeout,30010,8974,200,aether-gateway.2026-09-14.log:11867
1a567ce6-5c27-4428-852e-0b9cb1fb0d85,b4f327c8-4a7f-4020-89b4-77dee36641d5,compact,failed,local_stream_candidate_watchdog_timeout,30007,6806,200,aether-gateway.2026-09-14.log:11933
f5c0d65e-7b02-4e2b-ba56-11b4373c883e,e527a40f-838c-4852-b453-e8fbdd91c027,chat,failed,local_stream_candidate_watchdog_timeout,30006,6279,200,aether-gateway.2026-09-14.log:11949
57d0215a-cc0f-411b-9dc0-07452684ea77,18745c6d-5523-4207-a1d2-cac77aeef0b3,compact,failed,local_stream_candidate_watchdog_timeout,30007,8885,200,aether-gateway.2026-09-14.log:12013
57d0215a-cc0f-411b-9dc0-07452684ea77,244932a5-a10c-4f62-9283-1dd7ae9417f2,compact,failed,local_stream_candidate_watchdog_timeout,30006,8028,200,aether-gateway.2026-09-14.log:12016
57d0215a-cc0f-411b-9dc0-07452684ea77,ea733106-3eb0-43da-85c2-f21fff6dfd3e,compact,failed,stream_failover_budget_exhausted,28653,4999,200,aether-gateway.2026-09-14.log:12019
2cd99ce9-7835-405c-9a79-25e8e928d406,d3740875-55cd-4640-8ba4-830a898acb93,compact,failed,local_stream_candidate_watchdog_timeout,30006,8999,200,aether-gateway.2026-09-14.log:12034
2cd99ce9-7835-405c-9a79-25e8e928d406,297a212d-0064-4a8c-aa40-6eb0a194a9ad,compact,failed,local_stream_candidate_watchdog_timeout,30007,7912,200,aether-gateway.2026-09-14.log:12037
58b85d96-ffff-4c50-bfa2-d69b71b422b8,03d49ca0-c5c1-4846-b515-33eca20ee85c,compact,failed,local_stream_candidate_watchdog_timeout,30004,6550,200,aether-gateway.2026-09-14.log:12292
d63b90ca-9c83-4e9f-90ca-592dbf44610d,c1662aaa-3bd4-4018-8e1d-22ba6c3d4c38,chat,completed,local_stream_candidate_watchdog_timeout,30007,20552,200,aether-gateway.2026-09-14.log:12425
58b85d96-ffff-4c50-bfa2-d69b71b422b8,1908485d-a79c-477a-80a8-618c108aed81,compact,failed,local_stream_candidate_watchdog_timeout,30006,5080,200,aether-gateway.2026-09-14.log:12364
58b85d96-ffff-4c50-bfa2-d69b71b422b8,b1eb6906-ac0e-4f36-8d4d-56fea50871f9,compact,failed,stream_failover_budget_exhausted,29080,6021,200,aether-gateway.2026-09-14.log:12537
5e1e1ea0-9d74-406c-b399-949137701e0d,6a035785-77ec-422d-8eab-719e4d83858a,compact,failed,local_stream_candidate_watchdog_timeout,30003,8635,200,aether-gateway.2026-09-14.log:12636
5e1e1ea0-9d74-406c-b399-949137701e0d,d852375b-10b7-4791-be54-15de20aaca78,compact,failed,local_stream_candidate_watchdog_timeout,30003,7849,200,aether-gateway.2026-09-14.log:12691
5e1e1ea0-9d74-406c-b399-949137701e0d,68f9cc53-5b5d-4c16-9c50-04d9670ab5dc,compact,failed,stream_failover_budget_exhausted,29219,4863,200,aether-gateway.2026-09-14.log:12721
42f1a66b-c750-49e7-84c4-448e94b854e3,59195c53-dc5b-409f-9abd-9c7df5e5c4f4,compact,failed,local_stream_candidate_watchdog_timeout,30004,10094,200,aether-gateway.2026-09-14.log:12814
42f1a66b-c750-49e7-84c4-448e94b854e3,b7b0b075-d2e9-492f-8088-e8aec7cde73a,compact,failed,local_stream_candidate_watchdog_timeout,30006,11201,200,aether-gateway.2026-09-14.log:12872
42f1a66b-c750-49e7-84c4-448e94b854e3,acb125cb-718e-445a-9538-46d561a49e77,compact,failed,stream_failover_budget_exhausted,29043,4946,200,aether-gateway.2026-09-14.log:12875
8e6bbb5c-f159-40cb-9685-a14dc8f618c9,135db31a-bc9d-41f8-9771-2f213cc0435e,compact,failed,local_stream_candidate_watchdog_timeout,30006,12002,200,aether-gateway.2026-09-14.log:12895
8e6bbb5c-f159-40cb-9685-a14dc8f618c9,fde52d59-fe34-4fdf-b3d2-469f638f93c9,compact,failed,local_stream_candidate_watchdog_timeout,30009,7794,200,aether-gateway.2026-09-14.log:12903
8e913ca5-44e2-4a44-91b7-b130b6b68393,ac19effd-4e77-40ea-8014-e19962644b37,chat,failed,local_stream_candidate_watchdog_timeout,30006,,,
5e8205e2-266e-46c5-8f7e-99e2682fd681,13e610f0-13df-4104-a563-be3aad1bc2f3,compact,failed,local_stream_candidate_watchdog_timeout,30006,5944,200,aether-gateway.2026-09-14.log:12921
8e913ca5-44e2-4a44-91b7-b130b6b68393,c69bd60e-7a54-4bf7-9976-b678a5ab5597,chat,failed,local_stream_candidate_watchdog_timeout,30013,,,
301ac1c2-fbb3-4d53-ad04-81c8cc5557b9,3a6927cf-d60e-4945-a74d-95d819f5d1e1,chat,failed,local_stream_candidate_watchdog_timeout,30009,,,
b4710372-2f03-49ca-b7b7-70b0fc7955b7,894e9296-2a28-42f7-83a4-8ea15fd0fd21,chat,failed,local_stream_candidate_watchdog_timeout,30006,3699,200,aether-gateway.2026-09-14.log:13263
5ad15267-2b8d-488c-b0e3-7c8d2902227f,b3116cf4-e4ff-4c03-ab05-f61aa962484d,chat,failed,local_stream_candidate_watchdog_timeout,30006,,,
d8fc4f42-7482-4378-a86d-d64648b2ea9f,83d8385e-1fd8-40eb-adbc-ebe37448d1f1,chat,failed,local_stream_candidate_watchdog_timeout,30010,,,
b4710372-2f03-49ca-b7b7-70b0fc7955b7,f6cb8542-a7a0-4f83-bdc9-1f1080ddf3c9,chat,failed,local_stream_candidate_watchdog_timeout,30005,,,
5ad15267-2b8d-488c-b0e3-7c8d2902227f,acd0027f-3e5f-4b63-9c55-ea4e9a3c691a,chat,failed,local_stream_candidate_watchdog_timeout,30007,,,
d8fc4f42-7482-4378-a86d-d64648b2ea9f,6439baf9-99af-4aff-bd2b-93c3f897947d,chat,failed,local_stream_candidate_watchdog_timeout,30013,,,
33c7d5b0-e993-4e44-be43-86c4642966fe,485c3edb-3ce9-4a60-8f75-e9ce3f325990,chat,failed,local_stream_candidate_watchdog_timeout,34015,,,
543959ac-2160-405e-823e-23a042d76542,0d3e3d50-85cf-421c-9edb-48af566ec0a3,chat,failed,local_stream_candidate_watchdog_timeout,30010,18344,200,aether-gateway.2026-09-14.log:13412
03117b3c-a255-450c-91df-c7f954609ada,477b5cc7-760c-409c-96fc-3fea0121b40f,chat,failed,local_stream_candidate_watchdog_timeout,30005,23588,200,aether-gateway.2026-09-14.log:13539
03117b3c-a255-450c-91df-c7f954609ada,df220e9e-8a46-4fdf-bd60-e7575739a81c,chat,failed,local_stream_candidate_watchdog_timeout,30007,,,
93735c44-772a-43c5-82be-91d52971dbc1,3afca8ad-b5a9-4815-b0bb-c37ac396af67,chat,failed,local_stream_candidate_watchdog_timeout,30007,,,
3ca6f208-c5fb-4852-949c-cf5053aa1e56,f9b3a74b-54d3-4d60-8fde-b1f9647bdeb8,chat,failed,local_stream_candidate_watchdog_timeout,30004,,,
